"fips","county","state","cases","deaths"
1001,"Autauga","AL",19790,232
1003,"Baldwin","AL",69860,727
1005,"Barbour","AL",7485,103
1007,"Bibb","AL",8091,109
1009,"Blount","AL",18704,261
1011,"Bullock","AL",3030,54
1013,"Butler","AL",6551,132
1015,"Calhoun","AL",41421,680
1017,"Chambers","AL",10859,172
1019,"Cherokee","AL",6755,89
1021,"Chilton","AL",13009,219
1023,"Choctaw","AL",2259,39
1025,"Clarke","AL",8553,107
1027,"Clay","AL",5162,93
1029,"Cleburne","AL",4428,72
1031,"Coffee","AL",17185,245
1033,"Colbert","AL",21291,279
1035,"Conecuh","AL",3604,76
1037,"Coosa","AL",3776,64
1039,"Covington","AL",11804,261
1041,"Crenshaw","AL",4738,110
1043,"Cullman","AL",31520,398
1045,"Dale","AL",16507,245
1047,"Dallas","AL",11031,259
1049,"DeKalb","AL",22522,345
1051,"Elmore","AL",29837,362
1053,"Escambia","AL",12367,179
1055,"Etowah","AL",34229,692
1057,"Fayette","AL",5887,100
1059,"Franklin","AL",12033,154
1061,"Geneva","AL",7969,172
1063,"Greene","AL",2309,54
1065,"Hale","AL",5728,110
1067,"Henry","AL",5866,79
1069,"Houston","AL",32660,531
1071,"Jackson","AL",18379,256
1073,"Jefferson","AL",238727,2535
1075,"Lamar","AL",4737,73
1077,"Lauderdale","AL",30406,420
1079,"Lawrence","AL",9389,181
1081,"Lee","AL",47646,372
1083,"Limestone","AL",32150,320
1085,"Lowndes","AL",3370,80
1087,"Macon","AL",5293,90
1089,"Madison","AL",116086,1060
1091,"Marengo","AL",6093,116
1093,"Marion","AL",10113,160
1095,"Marshall","AL",32967,410
1097,"Mobile","AL",134986,1802
1099,"Monroe","AL",6742,88
1101,"Montgomery","AL",73840,1010
1103,"Morgan","AL",46540,551
80001,"Out of AL","AL",0,0
1105,"Perry","AL",2673,49
1107,"Pickens","AL",6339,122
1109,"Pike","AL",9264,142
1111,"Randolph","AL",6527,79
1113,"Russell","AL",13030,100
1117,"Shelby","AL",78112,482
1115,"St. Clair","AL",33302,441
1119,"Sumter","AL",3176,55
1121,"Talladega","AL",28602,397
1123,"Tallapoosa","AL",14611,253
1125,"Tuscaloosa","AL",70976,854
90001,"Unassigned","AL",0,0
1127,"Walker","AL",24154,480
1129,"Washington","AL",4397,61
1131,"Wilcox","AL",3659,48
1133,"Winston","AL",9427,141
2013,"Aleutians East","AK",1332,5
2016,"Aleutians West","AK",2003,3
2020,"Anchorage","AK",124334,612
2050,"Bethel","AK",13021,47
2060,"Bristol Bay","AK",0,0
2164,"Bristol Bay plus Lake and Peninsula","AK",1240,1
2063,"Chugach","AK",2407,13
2066,"Copper River","AK",1326,11
2068,"Denali","AK",1803,2
2070,"Dillingham","AK",2271,13
2090,"Fairbanks North Star","AK",33699,172
2100,"Haines","AK",798,1
2110,"Juneau","AK",11995,29
2122,"Kenai Peninsula","AK",22694,130
2130,"Ketchikan Gateway","AK",5148,27
2150,"Kodiak Island","AK",5899,13
2158,"Kusilvak","AK",4952,15
2170,"Matanuska-Susitna","AK",40792,277
2180,"Nome","AK",7617,7
2185,"North Slope","AK",5532,17
2188,"Northwest Arctic","AK",5794,22
2195,"Petersburg","AK",940,8
2198,"Prince of Wales-Hyder","AK",1848,10
2220,"Sitka","AK",3521,10
2230,"Skagway","AK",675,0
2240,"Southeast Fairbanks","AK",2482,21
90002,"Unassigned","AK",6,0
2261,"Valdez-Cordova","AK",0,0
2275,"Wrangell","AK",786,2
2282,"Yakutat","AK",983,5
2290,"Yukon-Koyukuk","AK",1757,13
4001,"Apache","AZ",36336,639
4003,"Cochise","AZ",39086,643
4005,"Coconino","AZ",52821,526
4007,"Gila","AZ",21401,415
4009,"Graham","AZ",14101,189
4011,"Greenlee","AZ",2717,40
4012,"La Paz","AZ",5950,159
4013,"Maricopa","AZ",1530296,18846
4015,"Mohave","AZ",67291,1669
4017,"Navajo","AZ",48374,971
80004,"Out of AZ","AZ",0,0
4019,"Pima","AZ",317052,4301
4021,"Pinal","AZ",156974,1814
4023,"Santa Cruz","AZ",19628,245
90004,"Unassigned","AZ",0,0
4025,"Yavapai","AZ",60313,1388
4027,"Yuma","AZ",71174,1257
5001,"Arkansas","AR",7009,95
5003,"Ashley","AR",6249,82
5005,"Baxter","AR",10722,283
5007,"Benton","AR",77394,1002
5009,"Boone","AR",11277,203
5011,"Bradley","AR",3595,57
5013,"Calhoun","AR",1194,14
5015,"Carroll","AR",7284,123
5017,"Chicot","AR",3126,65
5019,"Clark","AR",6412,92
5021,"Clay","AR",5146,101
5023,"Cleburne","AR",8055,148
5025,"Cleveland","AR",2677,42
5027,"Columbia","AR",6794,105
5029,"Conway","AR",6606,84
5031,"Craighead","AR",47352,388
5033,"Crawford","AR",18657,295
5035,"Crittenden","AR",16702,246
5037,"Cross","AR",5745,104
5039,"Dallas","AR",2071,41
5041,"Desha","AR",3656,44
5043,"Drew","AR",5638,84
5045,"Faulkner","AR",42997,358
5047,"Franklin","AR",4488,82
5049,"Fulton","AR",3108,99
5051,"Garland","AR",27083,581
5053,"Grant","AR",5252,65
5055,"Greene","AR",19801,201
5057,"Hempstead","AR",5638,83
5059,"Hot Spring","AR",13058,161
5061,"Howard","AR",4657,64
5063,"Independence","AR",12797,231
5065,"Izard","AR",4712,78
5067,"Jackson","AR",7280,76
5069,"Jefferson","AR",22364,316
5071,"Johnson","AR",8197,103
5073,"Lafayette","AR",1507,30
5075,"Lawrence","AR",6526,90
5077,"Lee","AR",3344,68
5079,"Lincoln","AR",5502,70
5081,"Little River","AR",3888,109
5083,"Logan","AR",6069,91
5085,"Lonoke","AR",23994,270
5087,"Madison","AR",4857,69
5089,"Marion","AR",4100,95
5091,"Miller","AR",11628,210
5093,"Mississippi","AR",16411,235
5095,"Monroe","AR",2309,39
5097,"Montgomery","AR",1770,67
5099,"Nevada","AR",2770,47
5101,"Newton","AR",2051,54
5103,"Ouachita","AR",6776,126
5105,"Perry","AR",3017,43
5107,"Phillips","AR",5887,106
5109,"Pike","AR",2964,49
5111,"Poinsett","AR",10113,139
5113,"Polk","AR",4652,160
5115,"Pope","AR",20964,230
5117,"Prairie","AR",2416,46
5119,"Pulaski","AR",127945,1322
5121,"Randolph","AR",6456,107
5125,"Saline","AR",37142,395
5127,"Scott","AR",2852,49
5129,"Searcy","AR",2562,53
5131,"Sebastian","AR",39338,587
5133,"Sevier","AR",7125,84
5135,"Sharp","AR",5714,123
5123,"St. Francis","AR",8565,110
5137,"Stone","AR",3702,80
90005,"Unassigned","AR",33605,0
5139,"Union","AR",11292,204
5141,"Van Buren","AR",4340,67
5143,"Washington","AR",80947,709
5145,"White","AR",27120,340
5147,"Woodruff","AR",2274,33
5149,"Yell","AR",7596,118
6001,"Alameda","CA",402160,2192
6003,"Alpine","CA",143,0
6005,"Amador","CA",11553,99
6007,"Butte","CA",51967,487
6009,"Calaveras","CA",9650,140
6011,"Colusa","CA",5346,22
6013,"Contra Costa","CA",295633,1559
6015,"Del Norte","CA",8405,60
6017,"El Dorado","CA",39170,245
6019,"Fresno","CA",329460,3001
6021,"Glenn","CA",7811,58
6023,"Humboldt","CA",29324,170
6025,"Imperial","CA",88972,978
6027,"Inyo","CA",6072,63
6029,"Kern","CA",310792,2625
6031,"Kings","CA",67356,481
6033,"Lake","CA",14941,157
6035,"Lassen","CA",11319,66
6037,"Los Angeles","CA",3710586,35545
6039,"Madera","CA",55217,388
6041,"Marin","CA",54908,317
6043,"Mariposa","CA",4545,42
6045,"Mendocino","CA",21739,143
6047,"Merced","CA",89409,903
6049,"Modoc","CA",1327,11
6051,"Mono","CA",3633,8
6053,"Monterey","CA",122120,804
6055,"Napa","CA",35992,170
6057,"Nevada","CA",22495,133
6059,"Orange","CA",788663,7971
80006,"Out of CA","CA",0,0
6061,"Placer","CA",91376,682
6063,"Plumas","CA",4290,15
6065,"Riverside","CA",776620,6853
6067,"Sacramento","CA",409095,3719
6069,"San Benito","CA",18800,117
6071,"San Bernardino","CA",745179,8170
6073,"San Diego","CA",1067659,5799
6075,"San Francisco","CA",209846,1178
6077,"San Joaquin","CA",227031,2421
6079,"San Luis Obispo","CA",74632,561
6081,"San Mateo","CA",194587,912
6083,"Santa Barbara","CA",119952,763
6085,"Santa Clara","CA",497526,2727
6087,"Santa Cruz","CA",72428,276
6089,"Shasta","CA",44785,607
6091,"Sierra","CA",372,5
6093,"Siskiyou","CA",8908,96
6095,"Solano","CA",122718,482
6097,"Sonoma","CA",119546,556
6099,"Stanislaus","CA",168343,1845
6101,"Sutter","CA",28309,241
6103,"Tehama","CA",17875,234
6105,"Trinity","CA",1981,24
6107,"Tulare","CA",168754,1578
6109,"Tuolumne","CA",17914,203
90006,"Unassigned","CA",4384,0
6111,"Ventura","CA",239184,1679
6113,"Yolo","CA",54973,443
6115,"Yuba","CA",21924,135
8001,"Adams","CO",166371,1466
8003,"Alamosa","CO",5953,68
8005,"Arapahoe","CO",197066,1368
8007,"Archuleta","CO",3534,24
8009,"Baca","CO",1027,17
8011,"Bent","CO",3004,50
8013,"Boulder","CO",91179,447
8014,"Broomfield","CO",18376,133
8015,"Chaffee","CO",5662,56
8017,"Cheyenne","CO",392,12
8019,"Clear Creek","CO",1931,13
8021,"Conejos","CO",2303,58
8023,"Costilla","CO",961,19
8025,"Crowley","CO",3558,33
8027,"Custer","CO",837,23
8029,"Delta","CO",7202,161
8031,"Denver","CO",224919,1524
8033,"Dolores","CO",424,8
8035,"Douglas","CO",100968,498
8037,"Eagle","CO",18833,39
8041,"El Paso","CO",237195,1904
8039,"Elbert","CO",5836,48
8043,"Fremont","CO",18767,210
8045,"Garfield","CO",18041,104
8047,"Gilpin","CO",1171,7
8049,"Grand","CO",4053,30
8051,"Gunnison","CO",3970,16
8053,"Hinsdale","CO",161,0
8055,"Huerfano","CO",1764,41
8057,"Jackson","CO",195,0
8059,"Jefferson","CO",160677,1554
8061,"Kiowa","CO",392,6
8063,"Kit Carson","CO",1877,32
8067,"La Plata","CO",15836,99
8065,"Lake","CO",2203,2
8069,"Larimer","CO",109313,606
8071,"Las Animas","CO",4408,51
8073,"Lincoln","CO",2382,11
8075,"Logan","CO",8661,119
8077,"Mesa","CO",51841,639
8079,"Mineral","CO",303,4
8081,"Moffat","CO",3738,55
8083,"Montezuma","CO",7673,90
8085,"Montrose","CO",11179,183
8087,"Morgan","CO",6973,148
8089,"Otero","CO",5320,137
8091,"Ouray","CO",1118,6
80008,"Out of CO","CO",0,0
8093,"Park","CO",3499,24
8095,"Phillips","CO",1123,20
8097,"Pitkin","CO",8081,9
8099,"Prowers","CO",3226,52
8101,"Pueblo","CO",61961,880
8103,"Rio Blanco","CO",2236,15
8105,"Rio Grande","CO",3634,47
8107,"Routt","CO",7882,34
8109,"Saguache","CO",1524,12
8111,"San Juan","CO",316,0
8113,"San Miguel","CO",2713,8
8115,"Sedgwick","CO",582,12
8117,"Summit","CO",12072,15
8119,"Teller","CO",5913,67
90008,"Unassigned","CO",261,25
8121,"Washington","CO",1262,35
8123,"Weld","CO",106227,780
8125,"Yuma","CO",2342,27
9001,"Fairfield","CT",264399,3017
9003,"Hartford","CT",237105,3494
9005,"Litchfield","CT",41816,532
9007,"Middlesex","CT",38840,547
9009,"New Haven","CT",257919,3165
9011,"New London","CT",73980,784
9013,"Tolland","CT",27913,317
90009,"Unassigned","CT",3271,9
9015,"Windham","CT",31414,355
10001,"Kent","DE",64447,724
10003,"New Castle","DE",186969,1608
10005,"Sussex","DE",78267,992
90010,"Unassigned","DE",1110,0
12001,"Alachua","FL",89806,833
12003,"Baker","FL",10746,154
12005,"Bay","FL",56189,894
12007,"Bradford","FL",9245,177
12009,"Brevard","FL",175277,2513
12011,"Broward","FL",774980,6770
12013,"Calhoun","FL",4939,111
12015,"Charlotte","FL",48860,1009
12017,"Citrus","FL",39070,1146
12019,"Clay","FL",67269,979
12021,"Collier","FL",106604,1174
12023,"Columbia","FL",25731,472
12027,"DeSoto","FL",11287,175
12029,"Dixie","FL",4938,89
12031,"Duval","FL",319149,3872
12033,"Escambia","FL",98081,1479
12035,"Flagler","FL",29013,438
12037,"Franklin","FL",3580,58
12039,"Gadsden","FL",17803,246
12041,"Gilchrist","FL",5663,109
12043,"Glades","FL",2311,38
12045,"Gulf","FL",5043,90
12047,"Hamilton","FL",4585,64
12049,"Hardee","FL",10362,141
12051,"Hendry","FL",13827,174
12053,"Hernando","FL",53794,1286
12055,"Highlands","FL",30739,807
12057,"Hillsborough","FL",479640,4409
12059,"Holmes","FL",6384,107
12061,"Indian River","FL",42698,763
12063,"Jackson","FL",18364,301
12065,"Jefferson","FL",5046,70
12067,"Lafayette","FL",3157,65
12069,"Lake","FL",109346,1811
12071,"Lee","FL",243110,2557
12073,"Leon","FL",114380,794
12075,"Levy","FL",12803,192
12077,"Liberty","FL",2997,31
12079,"Madison","FL",7053,108
12081,"Manatee","FL",123507,1743
12083,"Marion","FL",105662,2497
12085,"Martin","FL",40724,768
12086,"Miami-Dade","FL",1552197,12285
12087,"Monroe","FL",22919,138
12089,"Nassau","FL",27713,355
12091,"Okaloosa","FL",62183,768
12093,"Okeechobee","FL",12495,200
12095,"Orange","FL",475796,3301
12097,"Osceola","FL",144497,1273
12099,"Palm Beach","FL",481679,6031
12101,"Pasco","FL",159816,2280
12103,"Pinellas","FL",277006,4065
12105,"Polk","FL",260300,3450
12107,"Putnam","FL",21209,469
12113,"Santa Rosa","FL",59416,695
12115,"Sarasota","FL",122219,2063
12117,"Seminole","FL",132095,1282
12109,"St. Johns","FL",78720,706
12111,"St. Lucie","FL",96060,1413
12119,"Sumter","FL",30228,720
12121,"Suwannee","FL",16028,360
12123,"Taylor","FL",8109,116
90012,"Unassigned","FL",3307,396
12125,"Union","FL",5131,126
12127,"Volusia","FL",151166,2341
12129,"Wakulla","FL",12188,143
12131,"Walton","FL",20605,236
12133,"Washington","FL",7746,124
13001,"Appling","GA",5266,136
13003,"Atkinson","GA",2449,58
13005,"Bacon","GA",4098,82
13007,"Baker","GA",654,15
13009,"Baldwin","GA",11199,262
13011,"Banks","GA",4586,101
13013,"Barrow","GA",26052,291
13015,"Bartow","GA",35396,488
13017,"Ben Hill","GA",4991,125
13019,"Berrien","GA",5876,96
13021,"Bibb","GA",45403,836
13023,"Bleckley","GA",3938,111
13025,"Brantley","GA",4689,116
13027,"Brooks","GA",4061,101
13029,"Bryan","GA",11203,112
13031,"Bulloch","GA",17869,283
13033,"Burke","GA",6296,124
13035,"Butts","GA",7680,181
13037,"Calhoun","GA",1571,25
13039,"Camden","GA",13653,140
13043,"Candler","GA",2581,110
13045,"Carroll","GA",28396,500
13047,"Catoosa","GA",16998,205
13049,"Charlton","GA",3485,65
13051,"Chatham","GA",79653,1042
13053,"Chattahoochee","GA",7924,24
13055,"Chattooga","GA",7581,152
13057,"Cherokee","GA",75790,713
13059,"Clarke","GA",35334,264
13061,"Clay","GA",625,7
13063,"Clayton","GA",77902,1095
13065,"Clinch","GA",2457,46
13067,"Cobb","GA",216663,2102
13069,"Coffee","GA",11781,308
13071,"Colquitt","GA",13042,278
13073,"Columbia","GA",43298,438
13075,"Cook","GA",5707,83
13077,"Coweta","GA",41221,527
13079,"Crawford","GA",2225,64
13081,"Crisp","GA",5596,146
13083,"Dade","GA",3942,44
13085,"Dawson","GA",8345,108
13089,"DeKalb","GA",192315,1980
13087,"Decatur","GA",8566,144
13091,"Dodge","GA",5942,174
13093,"Dooly","GA",2844,76
13095,"Dougherty","GA",24389,577
13097,"Douglas","GA",43478,462
13099,"Early","GA",3126,65
13101,"Echols","GA",1059,12
13103,"Effingham","GA",16399,217
13105,"Elbert","GA",5334,121
13107,"Emanuel","GA",6781,168
13109,"Evans","GA",2836,70
13111,"Fannin","GA",5768,180
13113,"Fayette","GA",29631,387
13115,"Floyd","GA",32150,572
13117,"Forsyth","GA",66837,466
13119,"Franklin","GA",6176,116
13121,"Fulton","GA",276219,2667
13123,"Gilmer","GA",8267,199
13125,"Glascock","GA",727,31
13127,"Glynn","GA",27259,442
13129,"Gordon","GA",19761,305
13131,"Grady","GA",6835,114
13133,"Greene","GA",4758,91
13135,"Gwinnett","GA",257462,2122
13137,"Habersham","GA",11488,290
13139,"Hall","GA",63629,935
13141,"Hancock","GA",1945,91
13143,"Haralson","GA",6292,186
13145,"Harris","GA",7114,125
13147,"Hart","GA",5609,112
13149,"Heard","GA",2583,62
13151,"Henry","GA",72008,758
13153,"Houston","GA",49515,545
13155,"Irwin","GA",2226,57
13157,"Jackson","GA",24990,314
13159,"Jasper","GA",3797,83
13161,"Jeff Davis","GA",4357,77
13163,"Jefferson","GA",4238,122
13165,"Jenkins","GA",1789,69
13167,"Johnson","GA",2645,86
13169,"Jones","GA",6040,127
13171,"Lamar","GA",5842,131
13173,"Lanier","GA",2698,32
13175,"Laurens","GA",16454,330
13177,"Lee","GA",8668,113
13179,"Liberty","GA",15774,168
13181,"Lincoln","GA",1838,40
13183,"Long","GA",3479,36
13185,"Lowndes","GA",36984,434
13187,"Lumpkin","GA",8941,139
13193,"Macon","GA",2737,54
13195,"Madison","GA",8025,123
13197,"Marion","GA",1872,57
13189,"McDuffie","GA",6165,114
13191,"McIntosh","GA",2857,39
13199,"Meriwether","GA",5576,159
13201,"Miller","GA",2033,32
13205,"Mitchell","GA",6277,127
13207,"Monroe","GA",7074,185
13209,"Montgomery","GA",2329,57
13211,"Morgan","GA",5534,75
13213,"Murray","GA",13523,206
13215,"Muscogee","GA",45908,928
13217,"Newton","GA",30775,498
13219,"Oconee","GA",10559,117
13221,"Oglethorpe","GA",3758,65
80013,"Out of GA","GA",99220,1654
13223,"Paulding","GA",46667,477
13225,"Peach","GA",7951,151
13227,"Pickens","GA",10130,194
13229,"Pierce","GA",6431,144
13231,"Pike","GA",6495,109
13233,"Polk","GA",13752,215
13235,"Pulaski","GA",2699,84
13237,"Putnam","GA",5270,115
13239,"Quitman","GA",551,5
13241,"Rabun","GA",4116,106
13243,"Randolph","GA",1825,50
13245,"Richmond","GA",60659,972
13247,"Rockdale","GA",23742,351
13249,"Schley","GA",1412,11
13251,"Screven","GA",3174,76
13253,"Seminole","GA",2510,39
13255,"Spalding","GA",19289,452
13257,"Stephens","GA",7270,183
13259,"Stewart","GA",3287,36
13261,"Sumter","GA",8733,190
13263,"Talbot","GA",1381,35
13265,"Taliaferro","GA",337,4
13267,"Tattnall","GA",5725,144
13269,"Taylor","GA",2440,53
13271,"Telfair","GA",3520,90
13273,"Terrell","GA",2547,71
13275,"Thomas","GA",13776,235
13277,"Tift","GA",13823,240
13279,"Toombs","GA",7999,216
13281,"Towns","GA",3085,127
13283,"Treutlen","GA",1882,71
13285,"Troup","GA",18779,426
13287,"Turner","GA",3186,65
13289,"Twiggs","GA",1852,74
90013,"Unassigned","GA",12410,2
13291,"Union","GA",6138,182
13293,"Upson","GA",9619,259
13295,"Walker","GA",19976,291
13297,"Walton","GA",26614,480
13299,"Ware","GA",11350,304
13301,"Warren","GA",1291,35
13303,"Washington","GA",5134,141
13305,"Wayne","GA",8867,222
13307,"Webster","GA",545,10
13309,"Wheeler","GA",1590,39
13311,"White","GA",8336,185
13313,"Whitfield","GA",39243,494
13315,"Wilcox","GA",2414,73
13317,"Wilkes","GA",2624,55
13319,"Wilkinson","GA",2670,67
13321,"Worth","GA",5532,125
15001,"Hawaii","HI",42594,237
15003,"Honolulu","HI",264197,1355
15007,"Kauai","HI",19155,50
15009,"Maui","HI",45510,185
80015,"Out of HI","HI",9152,14
90015,"Unassigned","HI",0,0
16001,"Ada","ID",160373,1139
16003,"Adams","ID",819,16
16005,"Bannock","ID",24459,273
16007,"Bear Lake","ID",1155,19
16009,"Benewah","ID",2770,45
16011,"Bingham","ID",11205,175
16013,"Blaine","ID",7310,33
16015,"Boise","ID",1297,14
16017,"Bonner","ID",10275,201
16019,"Bonneville","ID",35614,305
16021,"Boundary","ID",2416,69
16023,"Butte","ID",555,12
16025,"Camas","ID",182,2
16027,"Canyon","ID",70696,738
16029,"Caribou","ID",1664,35
16031,"Cassia","ID",5610,58
16033,"Clark","ID",118,1
16035,"Clearwater","ID",2693,40
16037,"Custer","ID",707,9
16039,"Elmore","ID",9096,74
16041,"Franklin","ID",2594,31
16043,"Fremont","ID",2415,30
16045,"Gem","ID",4263,86
16047,"Gooding","ID",3932,61
16049,"Idaho","ID",3601,59
16051,"Jefferson","ID",6853,69
16053,"Jerome","ID",7118,68
16055,"Kootenai","ID",47262,669
16057,"Latah","ID",7725,57
16059,"Lemhi","ID",1796,28
16061,"Lewis","ID",1406,32
16063,"Lincoln","ID",1300,15
16065,"Madison","ID",13800,58
16067,"Minidoka","ID",4821,71
16069,"Nez Perce","ID",10618,161
16071,"Oneida","ID",956,12
16073,"Owyhee","ID",2613,56
16075,"Payette","ID",6793,92
16077,"Power","ID",1660,20
16079,"Shoshone","ID",3119,80
16081,"Teton","ID",2937,9
16083,"Twin Falls","ID",28733,315
90016,"Unassigned","ID",0,0
16085,"Valley","ID",3146,18
16087,"Washington","ID",2645,61
17001,"Adams","IL",27974,234
17003,"Alexander","IL",1574,16
17005,"Bond","IL",5310,31
17007,"Boone","IL",17550,127
17009,"Brown","IL",2873,17
17011,"Bureau","IL",10275,136
17013,"Calhoun","IL",1900,6
17015,"Carroll","IL",5022,57
17017,"Cass","IL",5620,38
17019,"Champaign","IL",86054,315
17021,"Christian","IL",13026,119
17023,"Clark","IL",5933,54
17025,"Clay","IL",5921,76
17027,"Clinton","IL",14392,118
17029,"Coles","IL",18977,189
17031,"Cook","IL",1533935,15289
17033,"Crawford","IL",7889,50
17035,"Cumberland","IL",4004,40
17039,"De Witt","IL",5211,42
17037,"DeKalb","IL",32553,217
17041,"Douglas","IL",7943,63
17043,"DuPage","IL",289813,1859
17045,"Edgar","IL",6660,60
17047,"Edwards","IL",2125,29
17049,"Effingham","IL",12823,147
17051,"Fayette","IL",8753,106
17053,"Ford","IL",5516,71
17055,"Franklin","IL",15422,186
17057,"Fulton","IL",12788,139
17059,"Gallatin","IL",1850,20
17061,"Greene","IL",4281,49
17063,"Grundy","IL",16326,154
17065,"Hamilton","IL",2668,32
17067,"Hancock","IL",5396,52
17069,"Hardin","IL",1447,20
17071,"Henderson","IL",1576,19
17073,"Henry","IL",15932,135
17075,"Iroquois","IL",8886,131
17077,"Jackson","IL",20182,143
17079,"Jasper","IL",3224,33
17081,"Jefferson","IL",13589,185
17083,"Jersey","IL",7873,80
17085,"Jo Daviess","IL",5182,46
17087,"Johnson","IL",5572,44
17089,"Kane","IL",166146,1216
17091,"Kankakee","IL",36784,386
17093,"Kendall","IL",41814,171
17095,"Knox","IL",16232,245
17099,"LaSalle","IL",37187,421
17097,"Lake","IL",210403,1544
17101,"Lawrence","IL",6844,45
17103,"Lee","IL",11614,92
17105,"Livingston","IL",13246,145
17107,"Logan","IL",12678,101
17115,"Macon","IL",40343,373
17117,"Macoupin","IL",16079,149
17119,"Madison","IL",87637,857
17121,"Marion","IL",14693,223
17123,"Marshall","IL",3481,34
17125,"Mason","IL",4730,67
17127,"Massac","IL",4663,73
17109,"McDonough","IL",9086,109
17111,"McHenry","IL",98211,525
17113,"McLean","IL",64188,332
17129,"Menard","IL",4598,29
17131,"Mercer","IL",4931,51
17133,"Monroe","IL",11440,135
17135,"Montgomery","IL",12176,112
17137,"Morgan","IL",12381,138
17139,"Moultrie","IL",4939,51
17141,"Ogle","IL",17498,141
80017,"Out of IL","IL",3,0
17143,"Peoria","IL",59913,579
17145,"Perry","IL",9157,101
17147,"Piatt","IL",5584,23
17149,"Pike","IL",6159,70
17151,"Pope","IL",1266,9
17153,"Pulaski","IL",2057,23
17155,"Putnam","IL",1421,11
17157,"Randolph","IL",12948,135
17159,"Richland","IL",6317,77
17161,"Rock Island","IL",42574,519
17165,"Saline","IL",10361,106
17167,"Sangamon","IL",76600,445
17169,"Schuyler","IL",2474,18
17171,"Scott","IL",1575,14
17173,"Shelby","IL",7605,81
17163,"St. Clair","IL",81204,802
17175,"Stark","IL",1891,39
17177,"Stephenson","IL",15058,189
17179,"Tazewell","IL",46151,514
90017,"Unassigned","IL",66,5065
17181,"Union","IL",6858,70
17183,"Vermilion","IL",35285,325
17185,"Wabash","IL",4837,30
17187,"Warren","IL",5073,93
17189,"Washington","IL",4140,36
17191,"Wayne","IL",6611,94
17193,"White","IL",5445,55
17195,"Whiteside","IL",19530,244
17197,"Will","IL",216951,1693
17199,"Williamson","IL",28971,275
17201,"Winnebago","IL",100711,901
17203,"Woodford","IL",12654,121
18001,"Adams","IN",8751,120
18003,"Allen","IN",124359,1284
18005,"Bartholomew","IN",26876,270
18007,"Benton","IN",2985,28
18009,"Blackford","IN",3701,82
18011,"Boone","IN",17386,204
18013,"Brown","IN",2984,63
18015,"Carroll","IN",4926,74
18017,"Cass","IN",14090,182
18019,"Clark","IN",41291,435
18021,"Clay","IN",8155,101
18023,"Clinton","IN",10719,146
18025,"Crawford","IN",3098,41
18027,"Daviess","IN",9069,165
18033,"DeKalb","IN",13654,164
18029,"Dearborn","IN",16256,150
18031,"Decatur","IN",8582,155
18035,"Delaware","IN",30191,503
18037,"Dubois","IN",15090,179
18039,"Elkhart","IN",61477,794
18041,"Fayette","IN",8378,163
18043,"Floyd","IN",24235,331
18045,"Fountain","IN",6424,111
18047,"Franklin","IN",5205,69
18049,"Fulton","IN",5774,115
18051,"Gibson","IN",14364,160
18053,"Grant","IN",21036,392
18055,"Greene","IN",9107,153
18057,"Hamilton","IN",96944,723
18059,"Hancock","IN",25238,301
18061,"Harrison","IN",13373,166
18063,"Hendricks","IN",47804,614
18065,"Henry","IN",16226,258
18067,"Howard","IN",30065,489
18069,"Huntington","IN",14368,175
18071,"Jackson","IN",15182,144
18073,"Jasper","IN",11067,163
18075,"Jay","IN",5904,87
18077,"Jefferson","IN",11231,180
18079,"Jennings","IN",8172,119
18081,"Johnson","IN",51015,661
18083,"Knox","IN",14246,167
18085,"Kosciusko","IN",22957,256
18087,"LaGrange","IN",6543,106
18091,"LaPorte","IN",31801,405
18089,"Lake","IN",134438,2008
18093,"Lawrence","IN",14516,285
18095,"Madison","IN",39768,701
18097,"Marion","IN",268696,3238
18099,"Marshall","IN",14072,217
18101,"Martin","IN",2619,30
18103,"Miami","IN",10908,175
18105,"Monroe","IN",34476,325
18107,"Montgomery","IN",12319,174
18109,"Morgan","IN",19602,305
18111,"Newton","IN",3119,74
18113,"Noble","IN",15737,177
18115,"Ohio","IN",1769,19
18117,"Orange","IN",5941,106
18119,"Owen","IN",6907,137
18121,"Parke","IN",4345,52
18123,"Perry","IN",5883,73
18125,"Pike","IN",4497,55
18127,"Porter","IN",47697,627
18129,"Posey","IN",7909,63
18131,"Pulaski","IN",3538,92
18133,"Putnam","IN",11196,138
18135,"Randolph","IN",7013,163
18137,"Ripley","IN",10091,150
18139,"Rush","IN",6084,61
18143,"Scott","IN",9473,115
18145,"Shelby","IN",17143,191
18147,"Spencer","IN",6156,64
18141,"St. Joseph","IN",84866,967
18149,"Starke","IN",5626,112
18151,"Steuben","IN",11487,126
18153,"Sullivan","IN",6403,86
18155,"Switzerland","IN",2663,22
18157,"Tippecanoe","IN",60936,463
18159,"Tipton","IN",3996,94
90018,"Unassigned","IN",0,274
18161,"Union","IN",2347,23
18163,"Vanderburgh","IN",70796,691
18165,"Vermillion","IN",4932,82
18167,"Vigo","IN",35132,453
18169,"Wabash","IN",10451,172
18171,"Warren","IN",2380,30
18173,"Warrick","IN",24854,262
18175,"Washington","IN",7179,95
18177,"Wayne","IN",23519,363
18179,"Wells","IN",7610,144
18181,"White","IN",8268,102
18183,"Whitley","IN",11448,91
19001,"Adair","IA",1805,52
19003,"Adams","IA",938,15
19005,"Allamakee","IA",3248,68
19007,"Appanoose","IA",3432,80
19009,"Audubon","IA",1311,25
19011,"Benton","IA",7244,82
19013,"Black Hawk","IA",38980,528
19015,"Boone","IA",6535,70
19017,"Bremer","IA",6386,89
19019,"Buchanan","IA",5539,67
19021,"Buena Vista","IA",6988,66
19023,"Butler","IA",3817,62
19025,"Calhoun","IA",3072,26
19027,"Carroll","IA",5680,84
19029,"Cass","IA",3333,88
19031,"Cedar","IA",5035,49
19033,"Cerro Gordo","IA",12769,181
19035,"Cherokee","IA",3581,75
19037,"Chickasaw","IA",3163,37
19039,"Clarke","IA",2701,43
19041,"Clay","IA",4843,54
19043,"Clayton","IA",4033,81
19045,"Clinton","IA",13865,173
19047,"Crawford","IA",5064,59
19049,"Dallas","IA",26870,160
19051,"Davis","IA",1825,35
19053,"Decatur","IA",1847,29
19055,"Delaware","IA",4777,71
19057,"Des Moines","IA",11291,165
19059,"Dickinson","IA",4742,78
19061,"Dubuque","IA",31008,330
19063,"Emmet","IA",2698,56
19065,"Fayette","IA",4959,88
19067,"Floyd","IA",4184,69
19069,"Franklin","IA",2960,50
19071,"Fremont","IA",1641,29
19073,"Greene","IA",2051,28
19075,"Grundy","IA",3055,50
19077,"Guthrie","IA",2773,48
19079,"Hamilton","IA",3998,90
19081,"Hancock","IA",3287,51
19083,"Hardin","IA",5070,71
19085,"Harrison","IA",3846,101
19087,"Henry","IA",6516,84
19089,"Howard","IA",2312,37
19091,"Humboldt","IA",3073,44
19093,"Ida","IA",2148,51
19095,"Iowa","IA",4332,54
19097,"Jackson","IA",5537,75
19099,"Jasper","IA",10453,124
19101,"Jefferson","IA",4424,63
19103,"Johnson","IA",44987,183
19105,"Jones","IA",6467,84
19107,"Keokuk","IA",2479,55
19109,"Kossuth","IA",4362,98
19111,"Lee","IA",9232,149
19113,"Linn","IA",64756,668
19115,"Louisa","IA",2949,68
19117,"Lucas","IA",2186,34
19119,"Lyon","IA",3164,55
19121,"Madison","IA",3704,46
19123,"Mahaska","IA",5800,95
19125,"Marion","IA",8910,136
19127,"Marshall","IA",11469,136
19129,"Mills","IA",4004,47
19131,"Mitchell","IA",2839,51
19133,"Monona","IA",2091,53
19135,"Monroe","IA",2200,52
19137,"Montgomery","IA",2596,60
19139,"Muscatine","IA",11265,139
19141,"O'Brien","IA",3887,73
19143,"Osceola","IA",1575,23
19145,"Page","IA",3845,56
19147,"Palo Alto","IA",2416,41
19149,"Plymouth","IA",7174,114
19151,"Pocahontas","IA",1942,31
19153,"Polk","IA",147524,1230
19155,"Pottawattamie","IA",27969,354
19157,"Poweshiek","IA",4672,65
19159,"Ringgold","IA",1318,42
19161,"Sac","IA",2888,43
19163,"Scott","IA",49015,449
19165,"Shelby","IA",3178,59
19167,"Sioux","IA",8987,99
19169,"Story","IA",23335,104
19171,"Tama","IA",4671,101
19173,"Taylor","IA",1535,25
90019,"Unassigned","IA",0,0
19175,"Union","IA",3186,56
19177,"Van Buren","IA",1699,28
19179,"Wapello","IA",10439,222
19181,"Warren","IA",14506,157
19183,"Washington","IA",6822,89
19185,"Wayne","IA",1520,35
19187,"Webster","IA",12112,186
19189,"Winnebago","IA",3466,48
19191,"Winneshiek","IA",4503,56
19193,"Woodbury","IA",33209,357
19195,"Worth","IA",2048,17
19197,"Wright","IA",4051,71
20001,"Allen","KS",5127,65
20003,"Anderson","KS",2585,38
20005,"Atchison","KS",5063,45
20007,"Barber","KS",1234,13
20009,"Barton","KS",7689,124
20011,"Bourbon","KS",5619,64
20013,"Brown","KS",3159,51
20015,"Butler","KS",22573,238
20017,"Chase","KS",798,10
20019,"Chautauqua","KS",1000,22
20021,"Cherokee","KS",7447,99
20023,"Cheyenne","KS",733,16
20025,"Clark","KS",609,8
20027,"Clay","KS",2452,49
20029,"Cloud","KS",2672,50
20031,"Coffey","KS",2833,48
20033,"Comanche","KS",548,18
20035,"Cowley","KS",12437,176
20037,"Crawford","KS",15195,148
20039,"Decatur","KS",790,22
20041,"Dickinson","KS",5906,107
20043,"Doniphan","KS",2850,39
20045,"Douglas","KS",34368,176
20047,"Edwards","KS",679,16
20049,"Elk","KS",699,13
20051,"Ellis","KS",8442,92
20053,"Ellsworth","KS",2461,34
20055,"Finney","KS",13435,128
20057,"Ford","KS",12512,123
20059,"Franklin","KS",8235,104
20061,"Geary","KS",11418,90
20063,"Gove","KS",967,24
20065,"Graham","KS",757,20
20067,"Grant","KS",2800,40
20069,"Gray","KS",1429,25
20071,"Greeley","KS",391,6
20073,"Greenwood","KS",2222,26
20075,"Hamilton","KS",553,6
20077,"Harper","KS",1920,29
20079,"Harvey","KS",11960,137
20081,"Haskell","KS",1137,15
20083,"Hodgeman","KS",509,13
20085,"Jackson","KS",4640,40
20087,"Jefferson","KS",5764,71
20089,"Jewell","KS",954,17
20091,"Johnson","KS",178296,1377
20093,"Kearny","KS",1381,22
20095,"Kingman","KS",2341,30
20097,"Kiowa","KS",775,8
20099,"Labette","KS",7991,89
20101,"Lane","KS",370,12
20103,"Leavenworth","KS",24249,211
20105,"Lincoln","KS",740,12
20107,"Linn","KS",3490,36
20109,"Logan","KS",1021,16
20111,"Lyon","KS",12076,136
20115,"Marion","KS",4032,56
20117,"Marshall","KS",2962,51
20113,"McPherson","KS",9609,142
20119,"Meade","KS",1439,27
20121,"Miami","KS",9651,107
20123,"Mitchell","KS",1759,26
20125,"Montgomery","KS",10986,181
20127,"Morris","KS",1769,33
20129,"Morton","KS",742,12
20131,"Nemaha","KS",3796,67
20133,"Neosho","KS",6105,80
20135,"Ness","KS",907,19
20137,"Norton","KS",2457,39
20139,"Osage","KS",4894,68
20141,"Osborne","KS",1012,21
20143,"Ottawa","KS",1453,24
80020,"Out of KS","KS",0,0
20145,"Pawnee","KS",2614,27
20147,"Phillips","KS",1691,33
20149,"Pottawatomie","KS",7110,70
20151,"Pratt","KS",2281,40
20153,"Rawlins","KS",805,11
20155,"Reno","KS",22806,279
20157,"Republic","KS",1551,22
20159,"Rice","KS",3082,33
20161,"Riley","KS",16451,110
20163,"Rooks","KS",1581,21
20165,"Rush","KS",965,24
20167,"Russell","KS",2155,43
20169,"Saline","KS",17109,275
20171,"Scott","KS",1577,38
20173,"Sedgwick","KS",171398,1709
20175,"Seward","KS",8510,71
20177,"Shawnee","KS",60744,740
20179,"Sheridan","KS",902,19
20181,"Sherman","KS",1812,23
20183,"Smith","KS",839,9
20185,"Stafford","KS",1401,32
20187,"Stanton","KS",530,12
20189,"Stevens","KS",1923,27
20191,"Sumner","KS",6649,85
20193,"Thomas","KS",3022,31
20195,"Trego","KS",947,15
90020,"Unassigned","KS",0,0
20197,"Wabaunsee","KS",1996,24
20199,"Wallace","KS",488,8
20201,"Washington","KS",1633,27
20203,"Wichita","KS",598,10
20205,"Wilson","KS",3456,56
20207,"Woodson","KS",1036,17
20209,"Wyandotte","KS",54648,528
21001,"Adair","KY",7849,115
21003,"Allen","KY",8543,125
21005,"Anderson","KY",8514,79
21007,"Ballard","KY",1751,38
21009,"Barren","KY",17377,239
21011,"Bath","KY",4665,53
21013,"Bell","KY",11175,173
21015,"Boone","KY",47400,353
21017,"Bourbon","KY",7822,74
21019,"Boyd","KY",22965,212
21021,"Boyle","KY",11447,165
21023,"Bracken","KY",2761,29
21025,"Breathitt","KY",5402,72
21027,"Breckinridge","KY",6698,89
21029,"Bullitt","KY",29211,258
21031,"Butler","KY",4769,58
21033,"Caldwell","KY",5085,66
21035,"Calloway","KY",11819,105
21037,"Campbell","KY",30220,212
21039,"Carlisle","KY",1357,24
21041,"Carroll","KY",4334,55
21043,"Carter","KY",12062,123
21045,"Casey","KY",5400,84
21047,"Christian","KY",20166,235
21049,"Clark","KY",14559,83
21051,"Clay","KY",9744,110
21053,"Clinton","KY",4788,58
21055,"Crittenden","KY",2850,59
21057,"Cumberland","KY",2776,35
21059,"Daviess","KY",38888,447
21061,"Edmonson","KY",3299,57
21063,"Elliott","KY",3701,22
21065,"Estill","KY",5308,58
21067,"Fayette","KY",123211,727
21069,"Fleming","KY",4992,74
21071,"Floyd","KY",16967,256
21073,"Franklin","KY",18619,192
21075,"Fulton","KY",1483,35
21077,"Gallatin","KY",2809,57
21079,"Garrard","KY",6043,93
21081,"Grant","KY",9998,74
21083,"Graves","KY",13675,205
21085,"Grayson","KY",10071,151
21087,"Green","KY",4849,51
21089,"Greenup","KY",16837,159
21091,"Hancock","KY",3156,30
21093,"Hardin","KY",43810,491
21095,"Harlan","KY",12843,234
21097,"Harrison","KY",8537,91
21099,"Hart","KY",6908,110
21101,"Henderson","KY",17694,185
21103,"Henry","KY",6406,61
21105,"Hickman","KY",1109,31
21107,"Hopkins","KY",19791,284
21109,"Jackson","KY",5233,84
21111,"Jefferson","KY",283708,2681
21113,"Jessamine","KY",19158,168
21115,"Johnson","KY",9104,138
21117,"Kenton","KY",54205,472
21119,"Knott","KY",6088,77
21121,"Knox","KY",15023,174
21123,"Larue","KY",4832,80
21125,"Laurel","KY",27059,290
21127,"Lawrence","KY",5560,80
21129,"Lee","KY",3512,59
21131,"Leslie","KY",5226,60
21133,"Letcher","KY",9862,139
21135,"Lewis","KY",5767,95
21137,"Lincoln","KY",8936,151
21139,"Livingston","KY",3104,67
21141,"Logan","KY",10360,140
21143,"Lyon","KY",3623,41
21151,"Madison","KY",35555,310
21153,"Magoffin","KY",5149,62
21155,"Marion","KY",8059,92
21157,"Marshall","KY",10265,129
21159,"Martin","KY",4235,54
21161,"Mason","KY",6323,118
21145,"McCracken","KY",23983,313
21147,"McCreary","KY",7724,91
21149,"McLean","KY",3347,62
21163,"Meade","KY",7499,69
21165,"Menifee","KY",2376,36
21167,"Mercer","KY",9476,118
21169,"Metcalfe","KY",3739,77
21171,"Monroe","KY",4508,90
21173,"Montgomery","KY",11391,128
21175,"Morgan","KY",6747,36
21177,"Muhlenberg","KY",13325,135
21179,"Nelson","KY",19282,171
21181,"Nicholas","KY",2726,35
21183,"Ohio","KY",8965,123
21185,"Oldham","KY",23729,164
21187,"Owen","KY",3129,40
21189,"Owsley","KY",2098,34
21191,"Pendleton","KY",4384,43
21193,"Perry","KY",16035,211
21195,"Pike","KY",25198,367
21197,"Powell","KY",6503,51
21199,"Pulaski","KY",22161,329
21201,"Robertson","KY",879,23
21203,"Rockcastle","KY",6680,70
21205,"Rowan","KY",9819,79
21207,"Russell","KY",8412,100
21209,"Scott","KY",22918,124
21211,"Shelby","KY",16931,186
21213,"Simpson","KY",7547,104
21215,"Spencer","KY",7089,67
21217,"Taylor","KY",11868,146
21219,"Todd","KY",3570,48
21221,"Trigg","KY",5128,50
21223,"Trimble","KY",2761,48
90021,"Unassigned","KY",2504,0
21225,"Union","KY",5532,63
21227,"Warren","KY",55374,428
21229,"Washington","KY",5103,71
21231,"Wayne","KY",8354,106
21233,"Webster","KY",4920,52
21235,"Whitley","KY",17191,234
21237,"Wolfe","KY",3577,31
21239,"Woodford","KY",9530,60
22001,"Acadia Parish","LA",18944,311
22003,"Allen Parish","LA",9060,147
22005,"Ascension Parish","LA",45368,311
22007,"Assumption Parish","LA",6803,73
22009,"Avoyelles Parish","LA",14381,218
22011,"Beauregard Parish","LA",11209,145
22013,"Bienville Parish","LA",5002,117
22015,"Bossier Parish","LA",51124,549
22017,"Caddo Parish","LA",88694,1289
22019,"Calcasieu Parish","LA",68184,746
22021,"Caldwell Parish","LA",4607,58
22023,"Cameron Parish","LA",1387,10
22025,"Catahoula Parish","LA",3141,63
22027,"Claiborne Parish","LA",4113,85
22029,"Concordia Parish","LA",6468,91
22031,"De Soto Parish","LA",9787,146
22033,"East Baton Rouge Parish","LA",144599,1430
22035,"East Carroll Parish","LA",3349,39
22037,"East Feliciana Parish","LA",8365,179
22039,"Evangeline Parish","LA",10224,165
22041,"Franklin Parish","LA",8879,195
22043,"Grant Parish","LA",7541,100
22045,"Iberia Parish","LA",23908,274
22047,"Iberville Parish","LA",11668,157
22049,"Jackson Parish","LA",5604,85
22051,"Jefferson Parish","LA",142493,1471
22053,"Jefferson Davis Parish","LA",8197,174
22059,"LaSalle Parish","LA",5091,72
22055,"Lafayette Parish","LA",79177,542
22057,"Lafourche Parish","LA",35001,411
22061,"Lincoln Parish","LA",15460,161
22063,"Livingston Parish","LA",47327,488
22065,"Madison Parish","LA",3940,65
22067,"Morehouse Parish","LA",8513,145
22069,"Natchitoches Parish","LA",13037,188
22071,"Orleans Parish","LA",114250,1196
22073,"Ouachita Parish","LA",64890,866
80022,"Out of LA Parish","LA",0,0
22075,"Plaquemines Parish","LA",7939,49
22077,"Pointe Coupee Parish","LA",7975,98
22079,"Rapides Parish","LA",42728,612
22081,"Red River Parish","LA",2577,59
22083,"Richland Parish","LA",9019,107
22085,"Sabine Parish","LA",8030,127
22087,"St. Bernard Parish","LA",14458,120
22089,"St. Charles Parish","LA",17250,158
22091,"St. Helena Parish","LA",2276,27
22093,"St. James Parish","LA",7351,80
22095,"St. John the Baptist Parish","LA",13287,191
22097,"St. Landry Parish","LA",27848,437
22099,"St. Martin Parish","LA",15850,199
22101,"St. Mary Parish","LA",15309,288
22103,"St. Tammany Parish","LA",91451,943
22105,"Tangipahoa Parish","LA",45249,674
22107,"Tensas Parish","LA",1334,13
22109,"Terrebonne Parish","LA",38963,454
90022,"Unassigned Parish","LA",1242,0
22111,"Union Parish","LA",8802,144
22113,"Vermilion Parish","LA",19103,247
22115,"Vernon Parish","LA",11781,202
22117,"Washington Parish","LA",16287,276
22119,"Webster Parish","LA",14458,203
22121,"West Baton Rouge Parish","LA",9676,93
22123,"West Carroll Parish","LA",4853,77
22125,"West Feliciana Parish","LA",3364,51
22127,"Winn Parish","LA",5565,75
23001,"Androscoggin","ME",28509,335
23003,"Aroostook","ME",18328,199
23005,"Cumberland","ME",66462,498
23007,"Franklin","ME",7323,71
23009,"Hancock","ME",10199,119
23011,"Kennebec","ME",30176,309
23013,"Knox","ME",8147,55
23015,"Lincoln","ME",6944,44
80023,"Out of ME","ME",0,0
23017,"Oxford","ME",14603,177
23019,"Penobscot","ME",37661,391
23021,"Piscataquis","ME",3929,46
23023,"Sagadahoc","ME",7034,48
23025,"Somerset","ME",12972,123
90023,"Unassigned","ME",1,0
23027,"Waldo","ME",8086,80
23029,"Washington","ME",5748,72
23031,"York","ME",52008,361
24001,"Allegany","MD",21731,392
24003,"Anne Arundel","MD",119808,1277
24005,"Baltimore","MD",172399,2826
24510,"Baltimore City","MD",149524,1966
24009,"Calvert","MD",14785,173
24011,"Caroline","MD",7330,92
24013,"Carroll","MD",28133,475
24015,"Cecil","MD",20355,286
24017,"Charles","MD",38706,408
24019,"Dorchester","MD",9556,116
24021,"Frederick","MD",58504,620
24023,"Garrett","MD",7197,124
24025,"Harford","MD",50109,679
24027,"Howard","MD",64177,462
24029,"Kent","MD",3953,79
24031,"Montgomery","MD",245966,2375
24033,"Prince George's","MD",229478,2386
24035,"Queen Anne's","MD",8845,131
24039,"Somerset","MD",6190,79
24037,"St. Mary's","MD",24582,251
24041,"Talbot","MD",7234,115
90024,"Unassigned","MD",0,35
24043,"Washington","MD",40989,643
24045,"Wicomico","MD",24868,366
24047,"Worcester","MD",10878,188
25001,"Barnstable","MA",49617,785
25003,"Berkshire","MA",35456,480
25005,"Bristol","MA",182344,2555
25009,"Essex","MA",256987,3272
25011,"Franklin","MA",14736,198
25013,"Hampden","MA",172065,2138
25015,"Hampshire","MA",39721,453
25017,"Middlesex","MA",437431,4822
25021,"Norfolk","MA",173673,2330
25023,"Plymouth","MA",143587,1962
25025,"Suffolk","MA",268158,2242
90025,"Unassigned","MA",201538,5
25027,"Worcester","MA",240708,3065
26001,"Alcona","MI",1933,79
26003,"Alger","MI",2125,19
26005,"Allegan","MI",32211,404
26007,"Alpena","MI",6584,161
26009,"Antrim","MI",5281,76
26011,"Arenac","MI",3914,88
26013,"Baraga","MI",2613,62
26015,"Barry","MI",16986,193
26017,"Bay","MI",31763,690
26019,"Benzie","MI",4143,77
26021,"Berrien","MI",42080,691
26023,"Branch","MI",13520,214
26025,"Calhoun","MI",42622,686
26027,"Cass","MI",13133,172
26029,"Charlevoix","MI",5871,70
26031,"Cheboygan","MI",5802,131
26033,"Chippewa","MI",10283,120
26035,"Clare","MI",8182,185
26037,"Clinton","MI",28166,240
26039,"Crawford","MI",3200,37
26041,"Delta","MI",12472,191
26043,"Dickinson","MI",9390,131
26045,"Eaton","MI",35077,474
26047,"Emmet","MI",7617,109
26049,"Genesee","MI",125355,2020
26051,"Gladwin","MI",6802,135
26053,"Gogebic","MI",4306,78
26055,"Grand Traverse","MI",21552,275
26057,"Gratiot","MI",13048,211
26059,"Hillsdale","MI",12764,225
26061,"Houghton","MI",9587,108
26063,"Huron","MI",9757,166
26065,"Ingham","MI",84928,909
26067,"Ionia","MI",20016,208
26069,"Iosco","MI",5696,177
26071,"Iron","MI",3614,101
26073,"Isabella","MI",17995,238
26075,"Jackson","MI",50425,645
26077,"Kalamazoo","MI",75822,819
26079,"Kalkaska","MI",4512,70
26081,"Kent","MI",201888,1859
26083,"Keweenaw","MI",664,16
26085,"Lake","MI",2471,42
26087,"Lapeer","MI",24350,476
26089,"Leelanau","MI",4441,67
26091,"Lenawee","MI",30950,365
26093,"Livingston","MI",58293,540
26095,"Luce","MI",1676,24
26097,"Mackinac","MI",2997,40
26099,"Macomb","MI",300709,4613
26101,"Manistee","MI",4865,107
26103,"Marquette","MI",19376,170
26105,"Mason","MI",8357,117
26107,"Mecosta","MI",10312,129
26109,"Menominee","MI",7183,85
26111,"Midland","MI",23527,265
26113,"Missaukee","MI",3591,71
26115,"Monroe","MI",48415,538
26117,"Montcalm","MI",17949,247
26119,"Montmorency","MI",1998,53
26121,"Muskegon","MI",48751,722
26123,"Newaygo","MI",13711,183
26125,"Oakland","MI",385029,4563
26127,"Oceana","MI",7754,106
26129,"Ogemaw","MI",5082,121
26131,"Ontonagon","MI",1344,45
26133,"Osceola","MI",6012,99
26135,"Oscoda","MI",1696,61
26137,"Otsego","MI",6790,117
26139,"Ottawa","MI",87973,928
80026,"Out of MI","MI",9333,55
26141,"Presque Isle","MI",2383,66
26143,"Roscommon","MI",5630,130
26145,"Saginaw","MI",61110,1087
26151,"Sanilac","MI",10617,226
26153,"Schoolcraft","MI",2234,19
26155,"Shiawassee","MI",22230,269
26147,"St. Clair","MI",50560,947
26149,"St. Joseph","MI",16096,238
26157,"Tuscola","MI",15728,316
90026,"Unassigned","MI",29,0
26159,"Van Buren","MI",20826,333
26161,"Washtenaw","MI",109512,643
26163,"Wayne","MI",537017,9107
26165,"Wexford","MI",8674,129
27001,"Aitkin","MN",3702,65
27003,"Anoka","MN",119415,886
27005,"Becker","MN",10509,102
27007,"Beltrami","MN",14406,141
27009,"Benton","MN",17064,202
27011,"Big Stone","MN",1781,11
27013,"Blue Earth","MN",21404,126
27015,"Brown","MN",7995,90
27017,"Carlton","MN",11461,124
27019,"Carver","MN",32053,145
27021,"Cass","MN",8642,96
27023,"Chippewa","MN",3828,55
27025,"Chisago","MN",17290,135
27027,"Clay","MN",23726,140
27029,"Clearwater","MN",2543,32
27031,"Cook","MN",826,6
27033,"Cottonwood","MN",3796,43
27035,"Crow Wing","MN",19391,190
27037,"Dakota","MN",137144,912
27039,"Dodge","MN",6739,24
27041,"Douglas","MN",13432,140
27043,"Faribault","MN",4474,61
27045,"Fillmore","MN",5885,36
27047,"Freeborn","MN",10580,91
27049,"Goodhue","MN",15617,155
27051,"Grant","MN",1822,16
27053,"Hennepin","MN",386090,2952
27055,"Houston","MN",5497,28
27057,"Hubbard","MN",6122,70
27059,"Isanti","MN",11756,132
27061,"Itasca","MN",13638,175
27063,"Jackson","MN",2675,22
27065,"Kanabec","MN",4362,62
27067,"Kandiyohi","MN",15945,152
27069,"Kittson","MN",1253,32
27071,"Koochiching","MN",3717,44
27073,"Lac qui Parle","MN",2201,31
27075,"Lake","MN",2651,35
27077,"Lake of the Woods","MN",927,7
27079,"Le Sueur","MN",7498,55
27081,"Lincoln","MN",1520,7
27083,"Lyon","MN",8301,82
27087,"Mahnomen","MN",2190,19
27089,"Marshall","MN",2530,25
27091,"Martin","MN",6695,76
27085,"McLeod","MN",13049,122
27093,"Meeker","MN",7209,83
27095,"Mille Lacs","MN",8464,135
27097,"Morrison","MN",11179,120
27099,"Mower","MN",13867,83
27101,"Murray","MN",2401,22
27103,"Nicollet","MN",9889,76
27105,"Nobles","MN",8185,66
27107,"Norman","MN",1801,17
27109,"Olmsted","MN",53171,230
27111,"Otter Tail","MN",16465,191
27113,"Pennington","MN",4333,44
27115,"Pine","MN",8584,76
27117,"Pipestone","MN",2408,37
27119,"Polk","MN",10695,128
27121,"Pope","MN",3984,24
27123,"Ramsey","MN",159678,1544
27125,"Red Lake","MN",1071,14
27127,"Redwood","MN",4785,58
27129,"Renville","MN",4573,59
27131,"Rice","MN",20749,208
27133,"Rock","MN",2788,35
27135,"Roseau","MN",5066,48
27139,"Scott","MN",48027,295
27141,"Sherburne","MN",31981,200
27143,"Sibley","MN",4257,29
27137,"St. Louis","MN",60656,623
27145,"Stearns","MN",61649,422
27147,"Steele","MN",12045,77
27149,"Stevens","MN",3314,17
27151,"Swift","MN",2726,34
27153,"Todd","MN",8475,73
27155,"Traverse","MN",1047,12
90027,"Unassigned","MN",896,421
27157,"Wabasha","MN",6678,20
27159,"Wadena","MN",5241,67
27161,"Waseca","MN",6373,46
27163,"Washington","MN",82684,571
27165,"Watonwan","MN",3458,26
27167,"Wilkin","MN",1951,26
27169,"Winona","MN",15942,84
27171,"Wright","MN",42819,344
27173,"Yellow Medicine","MN",3160,33
28001,"Adams","MS",8590,153
28003,"Alcorn","MS",12815,174
28005,"Amite","MS",3885,70
28007,"Attala","MS",6811,124
28009,"Benton","MS",2819,51
28011,"Bolivar","MS",11630,194
28013,"Calhoun","MS",5590,79
28015,"Carroll","MS",3088,59
28017,"Chickasaw","MS",7015,105
28019,"Choctaw","MS",2901,36
28021,"Claiborne","MS",2565,50
28023,"Clarke","MS",4890,112
28025,"Clay","MS",6224,104
28027,"Coahoma","MS",8205,139
28029,"Copiah","MS",9238,129
28031,"Covington","MS",8683,122
28033,"DeSoto","MS",61488,593
28035,"Forrest","MS",27523,330
28037,"Franklin","MS",2368,40
28039,"George","MS",8780,92
28041,"Greene","MS",3897,61
28043,"Grenada","MS",6443,142
28045,"Hancock","MS",14973,163
28047,"Harrison","MS",66104,714
28049,"Hinds","MS",68037,859
28051,"Holmes","MS",5247,107
28053,"Humphreys","MS",2397,48
28055,"Issaquena","MS",307,9
28057,"Itawamba","MS",9449,152
28059,"Jackson","MS",45938,503
28061,"Jasper","MS",6153,86
28063,"Jefferson","MS",1791,40
28065,"Jefferson Davis","MS",3669,57
28067,"Jones","MS",26502,316
28069,"Kemper","MS",2648,52
28071,"Lafayette","MS",18938,189
28073,"Lamar","MS",22073,170
28075,"Lauderdale","MS",22120,386
28077,"Lawrence","MS",4566,61
28079,"Leake","MS",7703,127
28081,"Lee","MS",34009,333
28083,"Leflore","MS",8667,183
28085,"Lincoln","MS",10505,166
28087,"Lowndes","MS",21310,258
28089,"Madison","MS",31893,353
28091,"Marion","MS",8795,152
28093,"Marshall","MS",12052,191
28095,"Monroe","MS",13798,232
28097,"Montgomery","MS",3702,83
28099,"Neshoba","MS",12873,247
28101,"Newton","MS",7137,107
28103,"Noxubee","MS",3635,52
28105,"Oktibbeha","MS",13773,173
28107,"Panola","MS",12443,180
28109,"Pearl River","MS",17821,289
28111,"Perry","MS",3754,66
28113,"Pike","MS",12832,196
28115,"Pontotoc","MS",12842,159
28117,"Prentiss","MS",10252,115
28119,"Quitman","MS",1835,35
28121,"Rankin","MS",47012,529
28123,"Scott","MS",7887,123
28125,"Sharkey","MS",1169,28
28127,"Simpson","MS",8673,161
28129,"Smith","MS",5063,72
28131,"Stone","MS",6731,82
28133,"Sunflower","MS",7106,135
28135,"Tallahatchie","MS",3888,71
28137,"Tate","MS",8703,158
28139,"Tippah","MS",8946,117
28141,"Tishomingo","MS",7721,123
28143,"Tunica","MS",3057,50
90028,"Unassigned","MS",0,0
28145,"Union","MS",11645,136
28147,"Walthall","MS",4689,84
28149,"Warren","MS",12825,219
28151,"Washington","MS",13015,214
28153,"Wayne","MS",6967,91
28155,"Webster","MS",4069,76
28157,"Wilkinson","MS",1943,47
28159,"Winston","MS",6747,105
28161,"Yalobusha","MS",4831,63
28163,"Yazoo","MS",10078,118
29001,"Adair","MO",6722,71
29003,"Andrew","MO",5665,66
29005,"Atchison","MO",1815,24
29007,"Audrain","MO",6866,125
29009,"Barry","MO",7963,151
29011,"Barton","MO",3371,56
29013,"Bates","MO",4457,102
29015,"Benton","MO",5499,113
29017,"Bollinger","MO",3260,48
29019,"Boone","MO",53197,299
29021,"Buchanan","MO",29734,349
29023,"Butler","MO",12433,182
29025,"Caldwell","MO",2076,42
29027,"Callaway","MO",14439,148
29029,"Camden","MO",10881,197
29031,"Cape Girardeau","MO",23434,275
29033,"Carroll","MO",2691,48
29035,"Carter","MO",1761,24
29037,"Cass","MO",30193,348
29039,"Cedar","MO",3751,61
29041,"Chariton","MO",1996,43
29043,"Christian","MO",24975,292
29045,"Clark","MO",1922,49
29047,"Clay","MO",33549,412
29049,"Clinton","MO",5749,130
29051,"Cole","MO",24120,306
29053,"Cooper","MO",4792,81
29055,"Crawford","MO",6579,117
29057,"Dade","MO",1815,49
29059,"Dallas","MO",4697,83
29061,"Daviess","MO",2027,32
29063,"DeKalb","MO",2551,51
29065,"Dent","MO",3966,93
29067,"Douglas","MO",3059,87
29069,"Dunklin","MO",9718,138
29071,"Franklin","MO",31433,415
29073,"Gasconade","MO",4094,115
29075,"Gentry","MO",2690,37
29077,"Greene","MO",84976,1156
29079,"Grundy","MO",3140,75
29081,"Harrison","MO",2465,36
29083,"Henry","MO",7064,96
29085,"Hickory","MO",2408,59
29087,"Holt","MO",1314,34
29089,"Howard","MO",2972,38
29091,"Howell","MO",10995,233
29093,"Iron","MO",2695,50
29095,"Jackson","MO",121175,1389
29097,"Jasper","MO",40835,585
29099,"Jefferson","MO",67882,750
29101,"Johnson","MO",14723,153
29103,"Knox","MO",1189,16
29105,"Laclede","MO",9621,193
29107,"Lafayette","MO",9250,146
29109,"Lawrence","MO",9297,186
29111,"Lewis","MO",3365,44
29113,"Lincoln","MO",18483,162
29115,"Linn","MO",3167,76
29117,"Livingston","MO",4454,109
29121,"Macon","MO",4264,68
29123,"Madison","MO",4264,59
29125,"Maries","MO",1966,42
29127,"Marion","MO",9802,135
29119,"McDonald","MO",6205,80
29129,"Mercer","MO",903,17
29131,"Miller","MO",7090,129
29133,"Mississippi","MO",4425,65
29135,"Moniteau","MO",4386,61
29137,"Monroe","MO",2509,52
29139,"Montgomery","MO",3116,63
29141,"Morgan","MO",4920,125
29143,"New Madrid","MO",6109,93
29145,"Newton","MO",13831,223
29147,"Nodaway","MO",7218,51
29149,"Oregon","MO",2432,41
29151,"Osage","MO",3793,52
29153,"Ozark","MO",2035,66
29155,"Pemiscot","MO",3800,87
29157,"Perry","MO",6336,51
29159,"Pettis","MO",14937,191
29161,"Phelps","MO",12903,263
29163,"Pike","MO",5220,65
29165,"Platte","MO",12814,108
29167,"Polk","MO",9932,121
29169,"Pulaski","MO",10785,132
29171,"Putnam","MO",1177,26
29173,"Ralls","MO",2948,30
29175,"Randolph","MO",7202,116
29177,"Ray","MO",6208,102
29179,"Reynolds","MO",1392,27
29181,"Ripley","MO",3194,68
29195,"Saline","MO",7228,118
29197,"Schuyler","MO",896,26
29199,"Scotland","MO",839,20
29201,"Scott","MO",13875,172
29203,"Shannon","MO",1916,43
29205,"Shelby","MO",2075,18
29183,"St. Charles","MO",119652,1050
29185,"St. Clair","MO",2618,45
29187,"St. Francois","MO",23553,330
29189,"St. Louis","MO",294789,3746
29510,"St. Louis City","MO",76241,869
29186,"Ste. Genevieve","MO",4846,42
29207,"Stoddard","MO",7191,152
29209,"Stone","MO",6942,132
29211,"Sullivan","MO",2048,29
29213,"Taney","MO",16064,252
29215,"Texas","MO",5677,113
90029,"Unassigned","MO",0,0
29217,"Vernon","MO",6150,116
29219,"Warren","MO",9926,116
29221,"Washington","MO",7086,154
29223,"Wayne","MO",2979,58
29225,"Webster","MO",10347,165
29227,"Worth","MO",559,5
29229,"Wright","MO",4585,95
30001,"Beaverhead","MT",2469,32
30003,"Big Horn","MT",5861,103
30005,"Blaine","MT",2590,34
30007,"Broadwater","MT",1545,22
30009,"Carbon","MT",2465,30
30011,"Carter","MT",291,5
30013,"Cascade","MT",30042,375
30015,"Chouteau","MT",1360,15
30017,"Custer","MT",3518,53
30019,"Daniels","MT",485,9
30021,"Dawson","MT",2767,60
30023,"Deer Lodge","MT",3255,30
30025,"Fallon","MT",798,12
30027,"Fergus","MT",2966,61
30029,"Flathead","MT",33849,303
30031,"Gallatin","MT",41596,134
30033,"Garfield","MT",251,3
30035,"Glacier","MT",4730,77
30037,"Golden Valley","MT",178,5
30039,"Granite","MT",672,10
30041,"Hill","MT",5400,77
30043,"Jefferson","MT",3149,26
30045,"Judith Basin","MT",283,1
30047,"Lake","MT",8334,107
30049,"Lewis and Clark","MT",21851,202
30051,"Liberty","MT",528,4
30053,"Lincoln","MT",5632,96
30057,"Madison","MT",2392,23
30055,"McCone","MT",452,9
30059,"Meagher","MT",597,12
30061,"Mineral","MT",1367,17
30063,"Missoula","MT",34011,224
30065,"Musselshell","MT",1107,31
30067,"Park","MT",5132,39
30069,"Petroleum","MT",45,1
30071,"Phillips","MT",1146,30
30073,"Pondera","MT",1477,11
30075,"Powder River","MT",418,10
30077,"Powell","MT",2218,32
30079,"Prairie","MT",292,4
30081,"Ravalli","MT",8512,173
30083,"Richland","MT",3014,39
30085,"Roosevelt","MT",4013,76
30087,"Rosebud","MT",3112,63
30089,"Sanders","MT",2435,53
30091,"Sheridan","MT",917,13
30093,"Silver Bow","MT",9930,139
30095,"Stillwater","MT",1731,32
30097,"Sweet Grass","MT",911,13
30099,"Teton","MT",1539,27
30101,"Toole","MT",1411,25
30103,"Treasure","MT",148,1
90030,"Unassigned","MT",0,0
30105,"Valley","MT",2164,42
30107,"Wheatland","MT",459,14
30109,"Wibaux","MT",246,8
30111,"Yellowstone","MT",51325,605
31001,"Adams","NE",7830,92
31003,"Antelope","NE",1295,20
31005,"Arthur","NE",34,1
31007,"Banner","NE",104,2
31009,"Blaine","NE",76,4
31011,"Boone","NE",1285,15
31013,"Box Butte","NE",2524,26
31015,"Boyd","NE",485,13
31017,"Brown","NE",655,7
31019,"Buffalo","NE",14323,149
31021,"Burt","NE",1546,26
31023,"Butler","NE",2320,20
31025,"Cass","NE",7291,55
31027,"Cedar","NE",1759,28
31029,"Chase","NE",891,11
31031,"Cherry","NE",637,14
31033,"Cheyenne","NE",2403,30
31035,"Clay","NE",1740,33
31037,"Colfax","NE",2972,32
31039,"Cuming","NE",2046,27
31041,"Custer","NE",2397,39
31043,"Dakota","NE",7991,87
31045,"Dawes","NE",1512,26
31047,"Dawson","NE",5975,90
31049,"Deuel","NE",360,4
31051,"Dixon","NE",1405,19
31053,"Dodge","NE",12048,162
31055,"Douglas","NE",179702,1296
31057,"Dundy","NE",410,6
31059,"Fillmore","NE",1319,19
31061,"Franklin","NE",509,14
31063,"Frontier","NE",621,4
31065,"Furnas","NE",1327,18
31067,"Gage","NE",4614,62
31069,"Garden","NE",486,5
31071,"Garfield","NE",469,11
31073,"Gosper","NE",452,9
31075,"Grant","NE",114,6
31077,"Greeley","NE",470,7
31079,"Hall","NE",19550,192
31081,"Hamilton","NE",2851,28
31083,"Harlan","NE",395,7
31085,"Hayes","NE",109,0
31087,"Hitchcock","NE",636,14
31089,"Holt","NE",2615,26
31091,"Hooker","NE",129,5
31093,"Howard","NE",1341,26
31095,"Jefferson","NE",1434,15
31097,"Johnson","NE",945,19
31099,"Kearney","NE",1422,13
31101,"Keith","NE",1796,31
31103,"Keya Paha","NE",136,0
31105,"Kimball","NE",832,16
31107,"Knox","NE",1969,19
31109,"Lancaster","NE",94771,481
31111,"Lincoln","NE",10809,147
31113,"Logan","NE",164,0
31115,"Loup","NE",92,0
31119,"Madison","NE",11571,86
31117,"McPherson","NE",77,1
31121,"Merrick","NE",2076,27
31123,"Morrill","NE",1351,36
31125,"Nance","NE",898,18
31127,"Nemaha","NE",1597,31
31129,"Nuckolls","NE",1104,19
31131,"Otoe","NE",3903,29
31133,"Pawnee","NE",520,8
31135,"Perkins","NE",579,13
31137,"Phelps","NE",2783,27
31139,"Pierce","NE",1541,29
31141,"Platte","NE",10382,89
31143,"Polk","NE",1382,27
31145,"Red Willow","NE",2707,28
31147,"Richardson","NE",2285,35
31149,"Rock","NE",194,3
31151,"Saline","NE",4452,19
31153,"Sarpy","NE",58879,338
31155,"Saunders","NE",5594,58
31157,"Scotts Bluff","NE",11443,156
31159,"Seward","NE",3759,57
31161,"Sheridan","NE",1145,41
31163,"Sherman","NE",688,9
31165,"Sioux","NE",82,1
31167,"Stanton","NE",757,13
31169,"Thayer","NE",1298,13
31171,"Thomas","NE",113,1
31173,"Thurston","NE",2146,37
90031,"Unassigned","NE",1502,21
31175,"Valley","NE",875,12
31177,"Washington","NE",5492,54
31179,"Wayne","NE",2142,19
31181,"Webster","NE",851,15
31183,"Wheeler","NE",139,2
31185,"York","NE",4726,36
32510,"Carson City","NV",17441,238
32001,"Churchill","NV",7624,123
32003,"Clark","NV",671243,9313
32005,"Douglas","NV",8816,98
32007,"Elko","NV",12918,152
32009,"Esmeralda","NV",124,5
32011,"Eureka","NV",191,2
32013,"Humboldt","NV",2791,67
32015,"Lander","NV",1350,22
32017,"Lincoln","NV",681,11
32019,"Lyon","NV",12266,185
32021,"Mineral","NV",1503,20
32023,"Nye","NV",9156,305
32027,"Pershing","NV",2361,32
32029,"Storey","NV",197,14
90032,"Unassigned","NV",11506,0
32031,"Washoe","NV",128178,1309
32033,"White Pine","NV",1776,26
33001,"Belknap","NH",17508,217
33003,"Carroll","NH",12304,76
33005,"Cheshire","NH",19089,134
33007,"Coos","NH",8341,134
33009,"Grafton","NH",23354,103
33011,"Hillsborough","NH",121573,1042
33013,"Merrimack","NH",40280,308
33015,"Rockingham","NH",84642,655
33017,"Strafford","NH",37116,249
33019,"Sullivan","NH",11891,84
90033,"Unassigned","NH",2330,1
34001,"Atlantic","NJ",91788,1083
34003,"Bergen","NJ",326525,3733
34005,"Burlington","NJ",141872,1377
34007,"Camden","NJ",169517,1974
34009,"Cape May","NJ",30511,332
34011,"Cumberland","NJ",52840,664
34013,"Essex","NJ",291824,3771
34015,"Gloucester","NJ",91632,1051
34017,"Hudson","NJ",238646,2855
34019,"Hunterdon","NJ",34702,307
34021,"Mercer","NJ",111477,1348
34023,"Middlesex","NJ",275803,3040
34025,"Monmouth","NJ",223671,2384
34027,"Morris","NJ",165862,1678
34029,"Ocean","NJ",215999,3282
34031,"Passaic","NJ",193557,2460
34033,"Salem","NJ",18584,262
34035,"Somerset","NJ",98247,1030
34037,"Sussex","NJ",45639,519
90034,"Unassigned","NJ",1646,0
34039,"Union","NJ",196497,2498
34041,"Warren","NJ",32145,367
35001,"Bernalillo","NM",197256,2251
35003,"Catron","NM",530,23
35005,"Chaves","NM",24728,362
35006,"Cibola","NM",9347,213
35007,"Colfax","NM",2806,71
35009,"Curry","NM",15396,235
35011,"De Baca","NM",755,6
35013,"Dona Ana","NM",76839,937
35015,"Eddy","NM",19276,327
35017,"Grant","NM",9894,115
35019,"Guadalupe","NM",1375,18
35021,"Harding","NM",103,4
35023,"Hidalgo","NM",1339,17
35025,"Lea","NM",22978,410
35027,"Lincoln","NM",6600,75
35028,"Los Alamos","NM",4587,25
35029,"Luna","NM",8014,152
35031,"McKinley","NM",33328,656
35033,"Mora","NM",986,22
35035,"Otero","NM",17130,228
35037,"Quay","NM",2564,70
35039,"Rio Arriba","NM",13353,167
35041,"Roosevelt","NM",6228,110
35045,"San Juan","NM",52461,863
35047,"San Miguel","NM",7662,85
35043,"Sandoval","NM",45050,516
35049,"Santa Fe","NM",40271,400
35051,"Sierra","NM",2495,87
35053,"Socorro","NM",4752,102
35055,"Taos","NM",7287,108
35057,"Torrance","NM",3331,61
90035,"Unassigned","NM",7215,0
35059,"Union","NM",933,20
35061,"Valencia","NM",24060,325
36001,"Albany","NY",79420,617
36003,"Allegany","NY",10902,164
36005,"Bronx","NY",553117,8529
36007,"Broome","NY",59296,604
36009,"Cattaraugus","NY",19417,252
36011,"Cayuga","NY",20651,182
36013,"Chautauqua","NY",29741,340
36015,"Chemung","NY",26845,265
36017,"Chenango","NY",11907,141
36019,"Clinton","NY",22943,132
36021,"Columbia","NY",14041,175
36023,"Cortland","NY",13569,135
36025,"Delaware","NY",10245,93
36027,"Dutchess","NY",85482,739
36029,"Erie","NY",271310,2922
36031,"Essex","NY",7832,84
36033,"Franklin","NY",12239,58
36035,"Fulton","NY",16758,186
36037,"Genesee","NY",16743,208
36039,"Greene","NY",11130,155
36041,"Hamilton","NY",1105,5
36043,"Herkimer","NY",17616,214
36045,"Jefferson","NY",27473,160
36047,"Kings","NY",963672,14205
36049,"Lewis","NY",7412,58
36051,"Livingston","NY",14516,141
36053,"Madison","NY",16984,146
36055,"Monroe","NY",193746,1854
36057,"Montgomery","NY",15172,238
36059,"Nassau","NY",550940,4337
36061,"New York","NY",596334,6168
36063,"Niagara","NY",60061,637
36065,"Oneida","NY",69636,881
36067,"Onondaga","NY",143714,1207
36069,"Ontario","NY",26432,222
36071,"Orange","NY",146219,1255
36073,"Orleans","NY",10655,131
36075,"Oswego","NY",34956,238
36077,"Otsego","NY",13425,108
80036,"Out of NY","NY",0,563
36079,"Putnam","NY",31777,149
36081,"Queens","NY",904779,13415
36083,"Rensselaer","NY",42135,316
36085,"Richmond","NY",227585,2708
36087,"Rockland","NY",119199,978
36091,"Saratoga","NY",62003,417
36093,"Schenectady","NY",44064,379
36095,"Schoharie","NY",6647,44
36097,"Schuyler","NY",4364,32
36099,"Seneca","NY",7754,95
36089,"St. Lawrence","NY",26587,223
36101,"Steuben","NY",25561,278
36103,"Suffolk","NY",569776,4963
36105,"Sullivan","NY",24840,154
36107,"Tioga","NY",14190,95
36109,"Tompkins","NY",26871,102
36111,"Ulster","NY",43566,420
90036,"Unassigned","NY",985,2
36113,"Warren","NY",19090,157
36115,"Washington","NY",16025,137
36117,"Wayne","NY",22104,203
36119,"Westchester","NY",336689,3002
36121,"Wyoming","NY",10020,96
36123,"Yates","NY",4471,43
37001,"Alamance","NC",61903,572
37003,"Alexander","NC",12774,159
37005,"Alleghany","NC",3767,21
37007,"Anson","NC",8468,113
37009,"Ashe","NC",7621,95
37011,"Avery","NC",5553,48
37013,"Beaufort","NC",16121,187
37015,"Bertie","NC",5475,78
37017,"Bladen","NC",12133,149
37019,"Brunswick","NC",41118,378
37021,"Buncombe","NC",71015,701
37023,"Burke","NC",32001,366
37025,"Cabarrus","NC",72323,567
37027,"Caldwell","NC",30392,357
37029,"Camden","NC",2207,10
37031,"Carteret","NC",18539,164
37033,"Caswell","NC",6639,61
37035,"Catawba","NC",60653,678
37037,"Chatham","NC",18211,131
37039,"Cherokee","NC",8781,137
37041,"Chowan","NC",5296,66
37043,"Clay","NC",3486,51
37045,"Cleveland","NC",36816,453
37047,"Columbus","NC",19242,294
37049,"Craven","NC",32145,263
37051,"Cumberland","NC",116118,740
37053,"Currituck","NC",6320,40
37055,"Dare","NC",10060,33
37057,"Davidson","NC",56254,500
37059,"Davie","NC",14938,124
37061,"Duplin","NC",20962,263
37063,"Durham","NC",103313,395
37065,"Edgecombe","NC",17608,178
37067,"Forsyth","NC",125590,969
37069,"Franklin","NC",26480,96
37071,"Gaston","NC",81942,970
37073,"Gates","NC",2457,22
37075,"Graham","NC",2968,31
37077,"Granville","NC",19634,129
37079,"Greene","NC",7207,78
37081,"Guilford","NC",160748,1459
37083,"Halifax","NC",18892,206
37085,"Harnett","NC",42805,377
37087,"Haywood","NC",17219,262
37089,"Henderson","NC",33308,374
37091,"Hertford","NC",6384,101
37093,"Hoke","NC",19537,140
37095,"Hyde","NC",1706,15
37097,"Iredell","NC",61898,551
37099,"Jackson","NC",12191,109
37101,"Johnston","NC",75853,501
37103,"Jones","NC",2916,49
37105,"Lee","NC",20141,177
37107,"Lenoir","NC",20330,248
37109,"Lincoln","NC",30371,205
37113,"Macon","NC",9815,138
37115,"Madison","NC",6307,90
37117,"Martin","NC",7620,100
37111,"McDowell","NC",17360,196
37119,"Mecklenburg","NC",368329,1892
37121,"Mitchell","NC",4779,43
37123,"Montgomery","NC",9045,148
37125,"Moore","NC",31722,381
37127,"Nash","NC",32682,372
37129,"New Hanover","NC",64577,467
37131,"Northampton","NC",5934,97
37133,"Onslow","NC",65255,431
37135,"Orange","NC",39406,158
37137,"Pamlico","NC",3471,37
37139,"Pasquotank","NC",10706,135
37141,"Pender","NC",18749,154
37143,"Perquimans","NC",3569,26
37145,"Person","NC",12184,120
37147,"Pitt","NC",67103,287
37149,"Polk","NC",5049,72
37151,"Randolph","NC",44680,513
37153,"Richmond","NC",16470,212
37155,"Robeson","NC",52256,598
37157,"Rockingham","NC",27690,329
37159,"Rowan","NC",51689,636
37161,"Rutherford","NC",21683,433
37163,"Sampson","NC",23581,211
37165,"Scotland","NC",12892,148
37167,"Stanly","NC",24087,291
37169,"Stokes","NC",15641,205
37171,"Surry","NC",28679,421
37173,"Swain","NC",5021,53
37175,"Transylvania","NC",8370,87
37177,"Tyrrell","NC",1228,10
90037,"Unassigned","NC",0,0
37179,"Union","NC",79423,531
37181,"Vance","NC",15882,137
37183,"Wake","NC",391609,1311
37185,"Warren","NC",5862,52
37187,"Washington","NC",3908,57
37189,"Watauga","NC",15101,78
37191,"Wayne","NC",42033,452
37193,"Wilkes","NC",23073,308
37195,"Wilson","NC",27780,360
37197,"Yadkin","NC",15174,144
37199,"Yancey","NC",6341,70
38001,"Adams","ND",689,10
38003,"Barnes","ND",3601,47
38005,"Benson","ND",2288,23
38007,"Billings","ND",170,1
38009,"Bottineau","ND",1887,26
38011,"Bowman","ND",932,9
38013,"Burke","ND",491,3
38015,"Burleigh","ND",41126,303
38017,"Cass","ND",71291,333
38019,"Cavalier","ND",975,7
38021,"Dickey","ND",1794,39
38023,"Divide","ND",599,4
38025,"Dunn","ND",1198,8
38027,"Eddy","ND",896,6
38029,"Emmons","ND",840,18
38031,"Foster","ND",1169,23
38033,"Golden Valley","ND",515,4
38035,"Grand Forks","ND",27002,125
38037,"Grant","ND",556,11
38039,"Griggs","ND",678,2
38041,"Hettinger","ND",957,8
38043,"Kidder","ND",597,13
38045,"LaMoure","ND",1168,20
38047,"Logan","ND",557,12
38049,"McHenry","ND",1576,31
38051,"McIntosh","ND",896,9
38053,"McKenzie","ND",3650,25
38055,"McLean","ND",3182,49
38057,"Mercer","ND",2997,24
38059,"Morton","ND",13245,142
38061,"Mountrail","ND",3882,37
38063,"Nelson","ND",930,18
38065,"Oliver","ND",378,5
38067,"Pembina","ND",2396,16
38069,"Pierce","ND",1250,32
38071,"Ramsey","ND",4354,57
38073,"Ransom","ND",1926,28
38075,"Renville","ND",664,15
38077,"Richland","ND",4803,23
38079,"Rolette","ND",7963,43
38081,"Sargent","ND",1310,9
38083,"Sheridan","ND",345,7
38085,"Sioux","ND",1658,19
38087,"Slope","ND",72,0
38089,"Stark","ND",13816,86
38091,"Steele","ND",436,2
38093,"Stutsman","ND",8281,97
38095,"Towner","ND",759,12
38097,"Traill","ND",2491,26
90038,"Unassigned","ND",0,238
38099,"Walsh","ND",4134,34
38101,"Ward","ND",24090,251
38103,"Wells","ND",1219,12
38105,"Williams","ND",12271,68
39001,"Adams","OH",8909,165
39003,"Allen","OH",33974,510
39005,"Ashland","OH",14914,236
39007,"Ashtabula","OH",25902,472
39009,"Athens","OH",19996,158
39011,"Auglaize","OH",14299,203
39013,"Belmont","OH",19256,344
39015,"Brown","OH",14169,198
39017,"Butler","OH",116682,1254
39019,"Carroll","OH",6332,136
39021,"Champaign","OH",10797,159
39023,"Clark","OH",43582,624
39025,"Clermont","OH",65558,619
39027,"Clinton","OH",12831,184
39029,"Columbiana","OH",29780,512
39031,"Coshocton","OH",10094,169
39033,"Crawford","OH",14216,230
39035,"Cuyahoga","OH",350654,4130
39037,"Darke","OH",15106,249
39039,"Defiance","OH",12408,176
39041,"Delaware","OH",56138,304
39043,"Erie","OH",25021,294
39045,"Fairfield","OH",47453,463
39047,"Fayette","OH",9405,134
39049,"Franklin","OH",366781,2832
39051,"Fulton","OH",12628,185
39053,"Gallia","OH",10502,141
39055,"Geauga","OH",20552,294
39057,"Greene","OH",48477,544
39059,"Guernsey","OH",13659,166
39061,"Hamilton","OH",238207,2240
39063,"Hancock","OH",21443,296
39065,"Hardin","OH",8837,167
39067,"Harrison","OH",4144,82
39069,"Henry","OH",7901,114
39071,"Highland","OH",13505,190
39073,"Hocking","OH",8642,132
39075,"Holmes","OH",5859,191
39077,"Huron","OH",17989,232
39079,"Jackson","OH",11837,150
39081,"Jefferson","OH",18813,345
39083,"Knox","OH",16550,250
39085,"Lake","OH",61985,826
39087,"Lawrence","OH",24462,290
39089,"Licking","OH",52928,523
39091,"Logan","OH",12777,180
39093,"Lorain","OH",89885,1064
39095,"Lucas","OH",126129,1523
39097,"Madison","OH",11605,145
39099,"Mahoning","OH",67576,1189
39101,"Marion","OH",24520,287
39103,"Medina","OH",50941,541
39105,"Meigs","OH",6419,106
39107,"Mercer","OH",11372,147
39109,"Miami","OH",31994,519
39111,"Monroe","OH",4247,85
39113,"Montgomery","OH",162583,2215
39115,"Morgan","OH",4123,62
39117,"Morrow","OH",9404,113
39119,"Muskingum","OH",31774,324
39121,"Noble","OH",3911,61
39123,"Ottawa","OH",10862,154
39125,"Paulding","OH",5564,78
39127,"Perry","OH",10359,134
39129,"Pickaway","OH",21284,243
39131,"Pike","OH",9998,138
39133,"Portage","OH",44355,489
39135,"Preble","OH",11659,208
39137,"Putnam","OH",9940,166
39139,"Richland","OH",39253,548
39141,"Ross","OH",25027,327
39143,"Sandusky","OH",17612,263
39145,"Scioto","OH",27836,282
39147,"Seneca","OH",15784,250
39149,"Shelby","OH",13326,203
39151,"Stark","OH",98019,1827
39153,"Summit","OH",143348,1859
39155,"Trumbull","OH",52689,1018
39157,"Tuscarawas","OH",25479,543
90039,"Unassigned","OH",0,2
39159,"Union","OH",19949,117
39161,"Van Wert","OH",8157,162
39163,"Vinton","OH",3697,60
39165,"Warren","OH",72639,647
39167,"Washington","OH",15502,247
39169,"Wayne","OH",28587,476
39171,"Williams","OH",11940,175
39173,"Wood","OH",38658,395
39175,"Wyandot","OH",6692,111
40001,"Adair","OK",9855,79
40003,"Alfalfa","OK",1885,17
40005,"Atoka","OK",4723,58
40007,"Beaver","OK",1185,11
40009,"Beckham","OK",7303,109
40011,"Blaine","OK",2931,51
40013,"Bryan","OK",17397,149
40015,"Caddo","OK",10214,191
40017,"Canadian","OK",48385,434
40019,"Carter","OK",19415,266
40021,"Cherokee","OK",17565,167
40023,"Choctaw","OK",5068,73
40025,"Cimarron","OK",714,9
40027,"Cleveland","OK",100720,909
40029,"Coal","OK",2119,26
40031,"Comanche","OK",39391,432
40033,"Cotton","OK",1698,35
40035,"Craig","OK",6017,63
40037,"Creek","OK",22790,362
40039,"Custer","OK",9756,181
40041,"Delaware","OK",13701,222
40043,"Dewey","OK",1237,35
40045,"Ellis","OK",1040,12
40047,"Garfield","OK",18127,318
40049,"Garvin","OK",8648,157
40051,"Grady","OK",17218,267
40053,"Grant","OK",1260,17
40055,"Greer","OK",1601,43
40057,"Harmon","OK",904,15
40059,"Harper","OK",838,13
40061,"Haskell","OK",3324,42
40063,"Hughes","OK",3106,67
40065,"Jackson","OK",8265,116
40067,"Jefferson","OK",1602,29
40069,"Johnston","OK",3934,60
40071,"Kay","OK",15752,236
40073,"Kingfisher","OK",4859,74
40075,"Kiowa","OK",2410,59
40077,"Latimer","OK",2721,42
40079,"Le Flore","OK",15575,120
40081,"Lincoln","OK",9963,152
40083,"Logan","OK",13632,179
40085,"Love","OK",3983,46
40093,"Major","OK",2550,44
40095,"Marshall","OK",5692,48
40097,"Mayes","OK",13322,178
40087,"McClain","OK",14811,145
40089,"McCurtain","OK",9740,176
40091,"McIntosh","OK",5557,133
40099,"Murray","OK",5345,88
40101,"Muskogee","OK",24414,384
40103,"Noble","OK",3610,48
40105,"Nowata","OK",3232,46
40107,"Okfuskee","OK",4249,66
40109,"Oklahoma","OK",245039,2735
40111,"Okmulgee","OK",11739,212
40113,"Osage","OK",13936,186
40115,"Ottawa","OK",11692,136
80040,"Out of OK","OK",0,0
40117,"Pawnee","OK",5072,88
40119,"Payne","OK",23351,194
40121,"Pittsburg","OK",13876,234
40123,"Pontotoc","OK",16719,171
40125,"Pottawatomie","OK",26892,317
40127,"Pushmataha","OK",3278,48
40129,"Roger Mills","OK",1117,16
40131,"Rogers","OK",31643,415
40133,"Seminole","OK",7783,144
40135,"Sequoyah","OK",12951,117
40137,"Stephens","OK",13523,217
40139,"Texas","OK",7045,58
40141,"Tillman","OK",1828,38
40143,"Tulsa","OK",212876,2396
90040,"Unassigned","OK",152,2164
40145,"Wagoner","OK",27073,304
40147,"Washington","OK",15779,291
40149,"Washita","OK",3299,59
40151,"Woods","OK",2738,46
40153,"Woodward","OK",6175,87
41001,"Baker","OR",3839,64
41003,"Benton","OR",22192,93
41005,"Clackamas","OR",84357,811
41007,"Clatsop","OR",6364,63
41009,"Columbia","OR",10160,123
41011,"Coos","OR",14955,198
41013,"Crook","OR",7955,98
41015,"Curry","OR",4676,70
41017,"Deschutes","OR",61720,389
41019,"Douglas","OR",26067,472
41021,"Gilliam","OR",324,6
41023,"Grant","OR",2251,26
41025,"Harney","OR",1972,42
41027,"Hood River","OR",4681,49
41029,"Jackson","OR",54594,637
41031,"Jefferson","OR",9056,105
41033,"Josephine","OR",20978,412
41035,"Klamath","OR",17950,255
41037,"Lake","OR",1653,34
41039,"Lane","OR",79852,713
41041,"Lincoln","OR",9333,113
41043,"Linn","OR",33388,335
41045,"Malheur","OR",9721,126
41047,"Marion","OR",88351,854
41049,"Morrow","OR",3404,37
41051,"Multnomah","OR",171526,1480
41053,"Polk","OR",20575,169
41055,"Sherman","OR",390,6
41057,"Tillamook","OR",5031,79
41059,"Umatilla","OR",26508,252
90041,"Unassigned","OR",3,0
41061,"Union","OR",5848,95
41063,"Wallowa","OR",1576,23
41065,"Wasco","OR",6709,77
41067,"Washington","OR",122406,783
41069,"Wheeler","OR",303,3
41071,"Yamhill","OR",22896,281
42001,"Adams","PA",31676,424
42003,"Allegheny","PA",339976,3838
42005,"Armstrong","PA",18397,386
42007,"Beaver","PA",49038,848
42009,"Bedford","PA",12845,289
42011,"Berks","PA",126969,1778
42013,"Blair","PA",35199,689
42015,"Bradford","PA",20762,234
42017,"Bucks","PA",156462,2167
42019,"Butler","PA",55245,835
42021,"Cambria","PA",43568,815
42023,"Cameron","PA",1035,22
42025,"Carbon","PA",20240,346
42027,"Centre","PA",44220,397
42029,"Chester","PA",117917,1336
42031,"Clarion","PA",9927,223
42033,"Clearfield","PA",24425,399
42035,"Clinton","PA",11183,142
42037,"Columbia","PA",19721,277
42039,"Crawford","PA",24932,363
42041,"Cumberland","PA",63042,974
42043,"Dauphin","PA",72651,1080
42045,"Delaware","PA",141966,2086
42047,"Elk","PA",8605,121
42049,"Erie","PA",72139,899
42051,"Fayette","PA",39057,759
42053,"Forest","PA",2550,35
42055,"Franklin","PA",51643,801
42057,"Fulton","PA",5067,73
42059,"Greene","PA",10696,120
42061,"Huntingdon","PA",13887,280
42063,"Indiana","PA",21937,396
42065,"Jefferson","PA",11268,266
42067,"Juniata","PA",5742,193
42069,"Lackawanna","PA",59181,908
42071,"Lancaster","PA",150890,2090
42073,"Lawrence","PA",23172,465
42075,"Lebanon","PA",45680,574
42077,"Lehigh","PA",111635,1396
42079,"Luzerne","PA",94872,1586
42081,"Lycoming","PA",35015,590
42083,"McKean","PA",9809,175
42085,"Mercer","PA",28403,546
42087,"Mifflin","PA",15166,304
42089,"Monroe","PA",48163,596
42091,"Montgomery","PA",200208,2657
42093,"Montour","PA",5989,98
42095,"Northampton","PA",100150,1250
42097,"Northumberland","PA",28684,591
42099,"Perry","PA",10451,198
42101,"Philadelphia","PA",394710,5549
42103,"Pike","PA",13435,112
42105,"Potter","PA",3882,104
42107,"Schuylkill","PA",42680,759
42109,"Snyder","PA",9772,169
42111,"Somerset","PA",22271,443
42113,"Sullivan","PA",1390,38
42115,"Susquehanna","PA",10136,135
42117,"Tioga","PA",10189,221
90042,"Unassigned","PA",0,0
42119,"Union","PA",13563,159
42121,"Venango","PA",13835,272
42123,"Warren","PA",9754,242
42125,"Washington","PA",63639,730
42127,"Wayne","PA",13364,204
42129,"Westmoreland","PA",99366,1557
42131,"Wyoming","PA",6563,121
42133,"York","PA",147850,1668
44001,"Bristol","RI",17778,193
44003,"Kent","RI",64423,572
44005,"Newport","RI",26526,106
44007,"Providence","RI",278748,2724
90044,"Unassigned","RI",30145,3
44009,"Washington","RI",43077,272
45001,"Abbeville","SC",7826,78
45003,"Aiken","SC",52428,457
45005,"Allendale","SC",2429,24
45007,"Anderson","SC",70200,1112
45009,"Bamberg","SC",4295,80
45011,"Barnwell","SC",6803,106
45013,"Beaufort","SC",54220,436
45015,"Berkeley","SC",66396,494
45017,"Calhoun","SC",3615,63
45019,"Charleston","SC",139282,1051
45021,"Cherokee","SC",18526,334
45023,"Chester","SC",12714,162
45025,"Chesterfield","SC",14947,211
45027,"Clarendon","SC",10814,169
45029,"Colleton","SC",11436,233
45031,"Darlington","SC",22359,347
45033,"Dillon","SC",11769,156
45035,"Dorchester","SC",71341,563
45037,"Edgefield","SC",8423,79
45039,"Fairfield","SC",7690,116
45041,"Florence","SC",50562,696
45043,"Georgetown","SC",19822,243
45045,"Greenville","SC",207151,2154
45047,"Greenwood","SC",26923,334
45049,"Hampton","SC",6070,95
45051,"Horry","SC",120997,1286
45053,"Jasper","SC",7299,101
45055,"Kershaw","SC",27965,285
45057,"Lancaster","SC",31562,309
45059,"Laurens","SC",23072,321
45061,"Lee","SC",5112,100
45063,"Lexington","SC",124164,975
45067,"Marion","SC",10679,172
45069,"Marlboro","SC",9949,117
45065,"McCormick","SC",2756,43
45071,"Newberry","SC",16493,225
45073,"Oconee","SC",29076,392
45075,"Orangeburg","SC",29721,459
45077,"Pickens","SC",54706,689
45079,"Richland","SC",161232,1050
45081,"Saluda","SC",4681,86
45083,"Spartanburg","SC",117410,1663
45085,"Sumter","SC",35665,437
90045,"Unassigned","SC",0,0
45087,"Union","SC",9971,169
45089,"Williamsburg","SC",10407,158
45091,"York","SC",95610,770
46003,"Aurora","SD",899,18
46005,"Beadle","SD",5577,64
46007,"Bennett","SD",948,16
46009,"Bon Homme","SD",2569,42
46011,"Brookings","SD",9517,67
46013,"Brown","SD",12185,135
46015,"Brule","SD",1685,27
46017,"Buffalo","SD",693,18
46019,"Butte","SD",3252,49
46021,"Campbell","SD",306,7
46023,"Charles Mix","SD",3679,38
46025,"Clark","SD",976,12
46027,"Clay","SD",3951,28
46029,"Codington","SD",10635,107
46031,"Corson","SD",1196,18
46033,"Custer","SD",2489,29
46035,"Davison","SD",7083,88
46037,"Day","SD",1513,40
46039,"Deuel","SD",1200,12
46041,"Dewey","SD",3436,46
46043,"Douglas","SD",825,16
46045,"Edmunds","SD",1069,17
46047,"Fall River","SD",2495,44
46049,"Faulk","SD",712,17
46051,"Grant","SD",2425,53
46053,"Gregory","SD",1221,34
46055,"Haakon","SD",531,12
46057,"Hamlin","SD",1806,41
46059,"Hand","SD",679,13
46061,"Hanson","SD",744,6
46063,"Harding","SD",222,3
46065,"Hughes","SD",5115,63
46067,"Hutchinson","SD",2041,39
46069,"Hyde","SD",361,9
46071,"Jackson","SD",745,21
46073,"Jerauld","SD",488,20
46075,"Jones","SD",195,2
46077,"Kingsbury","SD",1568,27
46079,"Lake","SD",2635,30
46081,"Lawrence","SD",7780,88
46083,"Lincoln","SD",17489,116
46085,"Lyman","SD",1432,14
46091,"Marshall","SD",955,15
46087,"McCook","SD",1502,32
46089,"McPherson","SD",534,16
46093,"Meade","SD",8389,68
46095,"Mellette","SD",653,8
46097,"Miner","SD",539,15
46099,"Minnehaha","SD",65212,565
46101,"Moody","SD",1692,30
46102,"Oglala Lakota","SD",5060,62
46103,"Pennington","SD",38893,378
46105,"Perkins","SD",805,19
46107,"Potter","SD",810,10
46109,"Roberts","SD",2853,57
46111,"Sanborn","SD",675,8
46115,"Spink","SD",1692,39
46117,"Stanley","SD",737,9
46119,"Sully","SD",269,3
46121,"Todd","SD",3914,53
46123,"Tripp","SD",1710,29
46125,"Turner","SD",2292,70
90046,"Unassigned","SD",0,0
46127,"Union","SD",4371,55
46129,"Walworth","SD",1498,28
46135,"Yankton","SD",6992,64
46137,"Ziebach","SD",716,11
47001,"Anderson","TN",27983,387
47003,"Bedford","TN",18181,251
47005,"Benton","TN",5711,102
47007,"Bledsoe","TN",5424,63
47009,"Blount","TN",49483,534
47011,"Bradley","TN",39220,458
47013,"Campbell","TN",16089,188
47015,"Cannon","TN",5208,76
47017,"Carroll","TN",11688,172
47019,"Carter","TN",21598,373
47021,"Cheatham","TN",13207,143
47023,"Chester","TN",7157,102
47025,"Claiborne","TN",11258,213
47027,"Clay","TN",2660,58
47029,"Cocke","TN",14862,245
47031,"Coffee","TN",21036,297
47033,"Crockett","TN",6534,89
47035,"Cumberland","TN",19583,350
47037,"Davidson","TN",235552,1844
47041,"DeKalb","TN",7768,113
47039,"Decatur","TN",4571,73
47043,"Dickson","TN",20237,269
47045,"Dyer","TN",15767,223
47047,"Fayette","TN",14255,202
47049,"Fentress","TN",7098,144
47051,"Franklin","TN",16220,206
47053,"Gibson","TN",21964,295
47055,"Giles","TN",11520,213
47057,"Grainger","TN",8299,122
47059,"Greene","TN",28001,417
47061,"Grundy","TN",4642,81
47063,"Hamblen","TN",24702,386
47065,"Hamilton","TN",122069,1281
47067,"Hancock","TN",2639,43
47069,"Hardeman","TN",9533,140
47071,"Hardin","TN",10917,174
47073,"Hawkins","TN",21720,376
47075,"Haywood","TN",8063,109
47077,"Henderson","TN",11166,183
47079,"Henry","TN",10220,179
47081,"Hickman","TN",8560,123
47083,"Houston","TN",3063,65
47085,"Humphreys","TN",6156,86
47087,"Jackson","TN",3904,68
47089,"Jefferson","TN",19808,309
47091,"Johnson","TN",6116,111
47093,"Knox","TN",159870,1601
47095,"Lake","TN",3184,47
47097,"Lauderdale","TN",9432,114
47099,"Lawrence","TN",16971,230
47101,"Lewis","TN",4164,69
47103,"Lincoln","TN",11797,187
47105,"Loudon","TN",18847,227
47111,"Macon","TN",10411,160
47113,"Madison","TN",39819,480
47115,"Marion","TN",11097,141
47117,"Marshall","TN",12736,137
47119,"Maury","TN",35082,383
47107,"McMinn","TN",20057,288
47109,"McNairy","TN",9583,144
47121,"Meigs","TN",4175,63
47123,"Monroe","TN",18390,277
47125,"Montgomery","TN",63699,638
47127,"Moore","TN",2744,41
47129,"Morgan","TN",7856,96
47131,"Obion","TN",13497,217
80047,"Out of TN","TN",63194,292
47133,"Overton","TN",8675,134
47135,"Perry","TN",2810,60
47137,"Pickett","TN",2195,39
47139,"Polk","TN",5650,90
47141,"Putnam","TN",29759,323
47143,"Rhea","TN",11818,172
47145,"Roane","TN",19707,271
47147,"Robertson","TN",26090,333
47149,"Rutherford","TN",117004,986
47151,"Scott","TN",12228,140
47153,"Sequatchie","TN",5167,74
47155,"Sevier","TN",36653,450
47157,"Shelby","TN",293983,3677
47159,"Smith","TN",7332,99
47161,"Stewart","TN",3773,71
47163,"Sullivan","TN",60331,817
47165,"Sumner","TN",65582,810
47167,"Tipton","TN",22044,264
47169,"Trousdale","TN",4738,48
90047,"Unassigned","TN",43303,257
47171,"Unicoi","TN",6820,106
47173,"Union","TN",7006,84
47175,"Van Buren","TN",2259,50
47177,"Warren","TN",15830,192
47179,"Washington","TN",49960,551
47181,"Wayne","TN",6886,88
47183,"Weakley","TN",11851,180
47185,"White","TN",9884,145
47187,"Williamson","TN",76189,449
47189,"Wilson","TN",51586,535
48001,"Anderson","TX",10975,256
48003,"Andrews","TX",5093,74
48005,"Angelina","TX",17089,504
48007,"Aransas","TX",5550,98
48009,"Archer","TX",2646,30
48011,"Armstrong","TX",696,10
48013,"Atascosa","TX",15748,240
48015,"Austin","TX",7014,84
48017,"Bailey","TX",1763,39
48019,"Bandera","TX",4317,80
48021,"Bastrop","TX",27354,254
48023,"Baylor","TX",937,33
48025,"Bee","TX",9990,155
48027,"Bell","TX",86419,945
48029,"Bexar","TX",698806,6512
48031,"Blanco","TX",3221,35
48033,"Borden","TX",124,2
48035,"Bosque","TX",4896,76
48037,"Bowie","TX",24695,456
48039,"Brazoria","TX",117112,1039
48041,"Brazos","TX",75241,448
48043,"Brewster","TX",1365,34
48045,"Briscoe","TX",583,8
48047,"Brooks","TX",2083,55
48049,"Brown","TX",15286,238
48051,"Burleson","TX",6131,68
48053,"Burnet","TX",13620,180
48055,"Caldwell","TX",17753,186
48057,"Calhoun","TX",7082,54
48059,"Callahan","TX",3508,80
48061,"Cameron","TX",135396,2120
48063,"Camp","TX",3600,78
48065,"Carson","TX",1753,38
48067,"Cass","TX",8936,204
48069,"Castro","TX",2811,48
48071,"Chambers","TX",12877,74
48073,"Cherokee","TX",9901,261
48075,"Childress","TX",3056,35
48077,"Clay","TX",2533,44
48079,"Cochran","TX",1040,25
48081,"Coke","TX",1083,21
48083,"Coleman","TX",2090,77
48085,"Collin","TX",276773,1621
48087,"Collingsworth","TX",898,17
48089,"Colorado","TX",4592,68
48091,"Comal","TX",43326,583
48093,"Comanche","TX",4047,83
48095,"Concho","TX",1402,14
48097,"Cooke","TX",8575,146
48099,"Coryell","TX",21396,235
48101,"Cottle","TX",392,9
48103,"Crane","TX",1555,25
48105,"Crockett","TX",1397,20
48107,"Crosby","TX",2311,46
48109,"Culberson","TX",558,14
48111,"Dallam","TX",2446,44
48113,"Dallas","TX",696583,7133
48115,"Dawson","TX",3589,101
48123,"DeWitt","TX",7311,112
48117,"Deaf Smith","TX",5833,118
48119,"Delta","TX",2070,27
48121,"Denton","TX",224101,1447
48125,"Dickens","TX",522,16
48127,"Dimmit","TX",6204,52
48129,"Donley","TX",1327,26
48131,"Duval","TX",4364,74
48133,"Eastland","TX",3433,120
48135,"Ector","TX",44146,734
48137,"Edwards","TX",584,12
48141,"El Paso","TX",256001,3895
48139,"Ellis","TX",57881,616
48143,"Erath","TX",10013,132
48145,"Falls","TX",4498,70
48147,"Fannin","TX",8129,193
48149,"Fayette","TX",5504,118
48151,"Fisher","TX",736,27
48153,"Floyd","TX",2362,50
48155,"Foard","TX",254,12
48157,"Fort Bend","TX",245946,1247
48159,"Franklin","TX",2675,46
48161,"Freestone","TX",4320,87
48163,"Frio","TX",6685,95
48165,"Gaines","TX",2403,85
48167,"Galveston","TX",120012,901
48169,"Garza","TX",1506,30
48171,"Gillespie","TX",6290,120
48173,"Glasscock","TX",234,3
48175,"Goliad","TX",1567,34
48177,"Gonzales","TX",5373,106
48179,"Gray","TX",7119,133
48181,"Grayson","TX",31791,684
48183,"Gregg","TX",27227,724
48185,"Grimes","TX",10216,128
48187,"Guadalupe","TX",45756,429
48189,"Hale","TX",8499,251
48191,"Hall","TX",1310,24
48193,"Hamilton","TX",2112,36
48195,"Hansford","TX",2337,31
48197,"Hardeman","TX",650,21
48199,"Hardin","TX",14666,261
48201,"Harris","TX",1275028,11623
48203,"Harrison","TX",15858,238
48205,"Hartley","TX",1503,3
48207,"Haskell","TX",1133,40
48209,"Hays","TX",78740,570
48211,"Hemphill","TX",1482,9
48213,"Henderson","TX",18557,446
48215,"Hidalgo","TX",267945,4032
48217,"Hill","TX",10221,204
48219,"Hockley","TX",9445,169
48221,"Hood","TX",15046,299
48223,"Hopkins","TX",8749,193
48225,"Houston","TX",5013,121
48227,"Howard","TX",8056,193
48229,"Hudspeth","TX",1173,18
48231,"Hunt","TX",19874,375
48233,"Hutchinson","TX",7653,149
48235,"Irion","TX",605,3
48237,"Jack","TX",1667,32
48239,"Jackson","TX",3991,63
48241,"Jasper","TX",8235,202
48243,"Jeff Davis","TX",278,10
48245,"Jefferson","TX",63229,880
48247,"Jim Hogg","TX",3805,23
48249,"Jim Wells","TX",14214,225
48251,"Johnson","TX",52246,782
48253,"Jones","TX",5359,97
48255,"Karnes","TX",6403,75
48257,"Kaufman","TX",42740,559
48259,"Kendall","TX",9830,134
48261,"Kenedy","TX",104,2
48263,"Kent","TX",223,4
48265,"Kerr","TX",11089,204
48267,"Kimble","TX",939,16
48269,"King","TX",56,0
48271,"Kinney","TX",831,14
48273,"Kleberg","TX",9297,155
48275,"Knox","TX",656,25
48283,"La Salle","TX",2597,50
48277,"Lamar","TX",12051,281
48279,"Lamb","TX",5222,127
48281,"Lampasas","TX",6392,96
48285,"Lavaca","TX",4916,124
48287,"Lee","TX",5254,63
48289,"Leon","TX",4321,95
48291,"Liberty","TX",22288,417
48293,"Limestone","TX",6117,137
48295,"Lipscomb","TX",811,17
48297,"Live Oak","TX",2427,43
48299,"Llano","TX",5125,102
48301,"Loving","TX",403,1
48303,"Lubbock","TX",113683,1394
48305,"Lynn","TX",1706,41
48313,"Madison","TX",4330,59
48315,"Marion","TX",2041,62
48317,"Martin","TX",1412,26
48319,"Mason","TX",1059,13
48321,"Matagorda","TX",10324,185
48323,"Maverick","TX",24188,479
48307,"McCulloch","TX",1957,51
48309,"McLennan","TX",75252,971
48311,"McMullen","TX",186,10
48325,"Medina","TX",12177,213
48327,"Menard","TX",658,13
48329,"Midland","TX",48100,516
48331,"Milam","TX",6024,109
48333,"Mills","TX",1622,39
48335,"Mitchell","TX",2122,52
48337,"Montague","TX",5412,136
48339,"Montgomery","TX",172263,1383
48341,"Moore","TX",6348,115
48343,"Morris","TX",3028,76
48345,"Motley","TX",325,13
48347,"Nacogdoches","TX",15006,280
48349,"Navarro","TX",14507,233
48351,"Newton","TX",1756,64
48353,"Nolan","TX",3569,108
48355,"Nueces","TX",119838,1586
48357,"Ochiltree","TX",2674,50
48359,"Oldham","TX",650,6
48361,"Orange","TX",17274,381
48363,"Palo Pinto","TX",8074,158
48365,"Panola","TX",5801,138
48367,"Parker","TX",40456,491
48369,"Parmer","TX",2689,54
48371,"Pecos","TX",3642,72
48373,"Polk","TX",9374,265
48375,"Potter","TX",43535,788
48377,"Presidio","TX",1215,42
48379,"Rains","TX",2274,62
48381,"Randall","TX",29975,513
48383,"Reagan","TX",999,16
48385,"Real","TX",1023,25
48387,"Red River","TX",2772,74
48389,"Reeves","TX",5644,77
48391,"Refugio","TX",2296,40
48393,"Roberts","TX",197,2
48395,"Robertson","TX",5392,79
48397,"Rockwall","TX",31784,285
48399,"Runnels","TX",2756,72
48401,"Rusk","TX",12738,244
48403,"Sabine","TX",1536,94
48405,"San Augustine","TX",1222,47
48407,"San Jacinto","TX",6750,110
48409,"San Patricio","TX",14586,363
48411,"San Saba","TX",1503,40
48413,"Schleicher","TX",601,9
48415,"Scurry","TX",6167,108
48417,"Shackelford","TX",1101,12
48419,"Shelby","TX",5401,139
48421,"Sherman","TX",540,16
48423,"Smith","TX",57251,1019
48425,"Somervell","TX",2230,37
48427,"Starr","TX",24248,390
48429,"Stephens","TX",2138,53
48431,"Sterling","TX",332,9
48433,"Stonewall","TX",424,7
48435,"Sutton","TX",943,14
48437,"Swisher","TX",2690,34
48439,"Tarrant","TX",687595,6387
48441,"Taylor","TX",40969,773
48443,"Terrell","TX",141,3
48445,"Terry","TX",2943,87
48447,"Throckmorton","TX",297,10
48449,"Titus","TX",10313,137
48451,"Tom Green","TX",41194,485
48453,"Travis","TX",334125,1846
48455,"Trinity","TX",3268,81
48457,"Tyler","TX",5192,91
90048,"Unassigned","TX",101465,35
48459,"Upshur","TX",9110,196
48461,"Upton","TX",963,19
48463,"Uvalde","TX",11540,152
48465,"Val Verde","TX",15879,312
48467,"Van Zandt","TX",12787,300
48469,"Victoria","TX",23239,428
48471,"Walker","TX",22514,216
48473,"Waller","TX",11642,112
48475,"Ward","TX",3328,50
48477,"Washington","TX",11037,157
48479,"Webb","TX",111910,1081
48481,"Wharton","TX",11597,230
48483,"Wheeler","TX",1354,25
48485,"Wichita","TX",41356,751
48487,"Wilbarger","TX",4264,93
48489,"Willacy","TX",8775,137
48491,"Williamson","TX",170638,941
48493,"Wilson","TX",12865,167
48495,"Winkler","TX",2226,36
48497,"Wise","TX",19687,285
48499,"Wood","TX",9832,308
48501,"Yoakum","TX",1648,43
48503,"Young","TX",4499,103
48505,"Zapata","TX",4522,57
48507,"Zavala","TX",4539,70
49011,"Davis","UT",120040,453
49035,"Salt Lake","UT",410508,1830
49037,"San Juan","UT",5149,53
49043,"Summit","UT",15979,29
49045,"Tooele","UT",25075,115
90049,"Unassigned","UT",4843,9
49049,"Utah","UT",226280,881
49051,"Wasatch","UT",12224,38
50001,"Addison","VT",6940,33
50003,"Bennington","VT",12193,94
50005,"Caledonia","VT",6524,41
50007,"Chittenden","VT",39572,230
50009,"Essex","VT",1461,4
50011,"Franklin","VT",11672,86
50013,"Grand Isle","VT",1292,8
50015,"Lamoille","VT",4351,28
50017,"Orange","VT",5124,17
50019,"Orleans","VT",7152,49
50021,"Rutland","VT",17030,98
90050,"Unassigned","VT",4445,40
50023,"Washington","VT",14223,80
50025,"Windham","VT",8915,53
50027,"Windsor","VT",11724,68
51001,"Accomack","VA",9119,119
51003,"Albemarle","VA",25415,208
51510,"Alexandria","VA",45583,232
51005,"Alleghany","VA",4561,111
51007,"Amelia","VA",3582,64
51009,"Amherst","VA",9634,111
51011,"Appomattox","VA",5018,62
51013,"Arlington","VA",66715,369
51015,"Augusta","VA",24503,239
51017,"Bath","VA",1082,21
51019,"Bedford","VA",22201,285
51021,"Bland","VA",2404,25
51023,"Botetourt","VA",9990,118
51520,"Bristol","VA",6189,111
51025,"Brunswick","VA",4091,54
51027,"Buchanan","VA",6192,150
51029,"Buckingham","VA",4981,62
51530,"Buena Vista","VA",2331,48
51031,"Campbell","VA",17713,237
51033,"Caroline","VA",9041,95
51035,"Carroll","VA",9791,177
51036,"Charles City","VA",1715,31
51037,"Charlotte","VA",3431,50
51540,"Charlottesville","VA",12470,86
51550,"Chesapeake","VA",64364,565
51041,"Chesterfield","VA",100129,875
51043,"Clarke","VA",3513,56
51570,"Colonial Heights","VA",6338,112
51580,"Covington","VA",1912,31
51045,"Craig","VA",1451,25
51047,"Culpeper","VA",14440,179
51049,"Cumberland","VA",1841,30
51590,"Danville","VA",14774,301
51051,"Dickenson","VA",4888,71
51053,"Dinwiddie","VA",7516,108
51595,"Emporia","VA",1660,57
51057,"Essex","VA",2836,43
51059,"Fairfax","VA",261545,1720
51600,"Fairfax City","VA",2741,51
51610,"Falls Church","VA",3510,21
51061,"Fauquier","VA",16629,164
51063,"Floyd","VA",3719,55
51065,"Fluvanna","VA",6902,54
51067,"Franklin","VA",14138,227
51620,"Franklin City","VA",2681,57
51069,"Frederick","VA",26744,287
51630,"Fredericksburg","VA",7248,51
51640,"Galax","VA",3293,86
51071,"Giles","VA",5280,60
51073,"Gloucester","VA",9649,115
51075,"Goochland","VA",5779,64
51077,"Grayson","VA",5656,98
51079,"Greene","VA",5087,65
51081,"Greensville","VA",3908,45
51083,"Halifax","VA",9666,195
51650,"Hampton","VA",38739,375
51085,"Hanover","VA",29106,348
51660,"Harrisonburg","VA",15289,184
51087,"Henrico","VA",91424,1083
51089,"Henry","VA",16061,331
51091,"Highland","VA",496,6
51670,"Hopewell","VA",7844,125
51093,"Isle of Wight","VA",9221,129
51095,"James City","VA",21280,155
51099,"King George","VA",6909,57
51101,"King William","VA",4733,52
51097,"King and Queen","VA",1476,15
51103,"Lancaster","VA",2338,42
51105,"Lee","VA",8477,131
51678,"Lexington","VA",2736,34
51107,"Loudoun","VA",97880,446
51109,"Louisa","VA",8936,102
51111,"Lunenburg","VA",3377,45
51680,"Lynchburg","VA",24408,327
51113,"Madison","VA",3172,48
51683,"Manassas","VA",11883,80
51685,"Manassas Park","VA",4909,31
51690,"Martinsville","VA",4575,126
51115,"Mathews","VA",2065,28
51117,"Mecklenburg","VA",7908,148
51119,"Middlesex","VA",2530,55
51121,"Montgomery","VA",25147,189
51125,"Nelson","VA",3258,40
51127,"New Kent","VA",5973,45
51700,"Newport News","VA",49863,459
51710,"Norfolk","VA",54074,548
51131,"Northampton","VA",2909,78
51133,"Northumberland","VA",2717,47
51720,"Norton","VA",1618,22
51135,"Nottoway","VA",5684,103
51137,"Orange","VA",9192,109
51139,"Page","VA",7068,133
51141,"Patrick","VA",4991,123
51730,"Petersburg","VA",10239,153
51143,"Pittsylvania","VA",19155,249
51735,"Poquoson","VA",2983,31
51740,"Portsmouth","VA",26689,368
51145,"Powhatan","VA",6387,67
51147,"Prince Edward","VA",6813,89
51149,"Prince George","VA",11593,90
51153,"Prince William","VA",128090,838
51155,"Pulaski","VA",10977,170
51750,"Radford","VA",5204,51
51157,"Rappahannock","VA",1374,14
51159,"Richmond","VA",2922,30
51760,"Richmond City","VA",61627,553
51161,"Roanoke","VA",28387,321
51770,"Roanoke City","VA",28360,440
51163,"Rockbridge","VA",5195,93
51165,"Rockingham","VA",19153,273
51167,"Russell","VA",9531,139
51775,"Salem","VA",7305,113
51169,"Scott","VA",7697,143
51171,"Shenandoah","VA",14037,263
51173,"Smyth","VA",12097,203
51175,"Southampton","VA",4502,108
51177,"Spotsylvania","VA",35404,342
51179,"Stafford","VA",42180,202
51790,"Staunton","VA",7855,136
51800,"Suffolk","VA",24459,346
51181,"Surry","VA",1433,23
51183,"Sussex","VA",2926,48
51185,"Tazewell","VA",14063,224
90051,"Unassigned","VA",0,0
51810,"Virginia Beach","VA",115797,947
51187,"Warren","VA",11498,186
51191,"Washington","VA",18222,261
51820,"Waynesboro","VA",7554,87
51193,"Westmoreland","VA",4345,60
51830,"Williamsburg","VA",2326,25
51840,"Winchester","VA",8175,102
51195,"Wise","VA",13968,237
51197,"Wythe","VA",9713,173
51199,"York","VA",13861,136
53001,"Adams","WA",5647,45
53003,"Asotin","WA",5606,86
53005,"Benton","WA",62042,539
53007,"Chelan","WA",24171,196
53009,"Clallam","WA",15809,209
53011,"Clark","WA",111985,1047
53013,"Columbia","WA",751,18
53015,"Cowlitz","WA",27341,424
53017,"Douglas","WA",13333,87
53019,"Ferry","WA",1825,34
53021,"Franklin","WA",36835,227
53023,"Garfield","WA",503,7
53025,"Grant","WA",31652,239
53027,"Grays Harbor","WA",20465,253
53029,"Island","WA",13800,124
53031,"Jefferson","WA",4899,34
53033,"King","WA",549865,3512
53035,"Kitsap","WA",52668,414
53037,"Kittitas","WA",10399,93
53039,"Klickitat","WA",4321,61
53041,"Lewis","WA",20865,298
53043,"Lincoln","WA",2680,30
53045,"Mason","WA",15817,183
53047,"Okanogan","WA",10644,138
53049,"Pacific","WA",4853,79
53051,"Pend Oreille","WA",2979,44
53053,"Pierce","WA",245455,1612
53055,"San Juan","WA",1994,3
53057,"Skagit","WA",28814,272
53059,"Skamania","WA",1798,17
53061,"Snohomish","WA",205341,1448
53063,"Spokane","WA",154262,1686
53065,"Stevens","WA",10107,167
53067,"Thurston","WA",63339,525
90053,"Unassigned","WA",3297,6
53069,"Wahkiakum","WA",640,11
53071,"Walla Walla","WA",19032,175
53073,"Whatcom","WA",49230,375
53075,"Whitman","WA",10115,102
53077,"Yakima","WA",83734,863
54001,"Barbour","WV",5974,77
54003,"Berkeley","WV",45181,347
54005,"Boone","WV",8730,103
54007,"Braxton","WV",4995,52
54009,"Brooke","WV",6303,112
54011,"Cabell","WV",34011,443
54013,"Calhoun","WV",2265,15
54015,"Clay","WV",2717,54
54017,"Doddridge","WV",2506,20
54019,"Fayette","WV",16797,236
54021,"Gilmer","WV",2538,23
54023,"Grant","WV",4824,61
54025,"Greenbrier","WV",12903,184
54027,"Hampshire","WV",7326,75
54029,"Hancock","WV",8411,152
54031,"Hardy","WV",5726,52
54033,"Harrison","WV",26120,290
54035,"Jackson","WV",8807,159
54037,"Jefferson","WV",18459,152
54039,"Kanawha","WV",59239,881
54041,"Lewis","WV",6972,96
54043,"Lincoln","WV",7288,97
54045,"Logan","WV",12944,205
54049,"Marion","WV",20364,208
54051,"Marshall","WV",11225,171
54053,"Mason","WV",8945,111
54047,"McDowell","WV",7475,88
54055,"Mercer","WV",23430,291
54057,"Mineral","WV",10268,167
54059,"Mingo","WV",10010,135
54061,"Monongalia","WV",31434,218
54063,"Monroe","WV",5911,50
54065,"Morgan","WV",5229,79
54067,"Nicholas","WV",9376,115
54069,"Ohio","WV",13888,199
54071,"Pendleton","WV",2361,25
54073,"Pleasants","WV",2504,39
54075,"Pocahontas","WV",2571,36
54077,"Preston","WV",11090,145
54079,"Putnam","WV",20885,221
54081,"Raleigh","WV",30655,424
54083,"Randolph","WV",12101,100
54085,"Ritchie","WV",3046,34
54087,"Roane","WV",4510,52
54089,"Summers","WV",3878,66
54091,"Taylor","WV",5961,84
54093,"Tucker","WV",2444,39
54095,"Tyler","WV",2729,33
90054,"Unassigned","WV",904,9
54097,"Upshur","WV",8979,106
54099,"Wayne","WV",11718,149
54101,"Webster","WV",2863,38
54103,"Wetzel","WV",5466,98
54105,"Wirt","WV",1742,28
54107,"Wood","WV",28053,380
54109,"Wyoming","WV",9709,136
55001,"Adams","WI",5855,70
55003,"Ashland","WI",4171,43
55005,"Barron","WI",16134,155
55007,"Bayfield","WI",4388,49
55009,"Brown","WI",103132,625
55011,"Buffalo","WI",4194,14
55013,"Burnett","WI",5145,45
55015,"Calumet","WI",16917,138
55017,"Chippewa","WI",22234,220
55019,"Clark","WI",9070,133
55021,"Columbia","WI",19687,149
55023,"Crawford","WI",5361,32
55025,"Dane","WI",179419,647
55027,"Dodge","WI",33020,378
55029,"Door","WI",8791,91
55031,"Douglas","WI",14473,95
55033,"Dunn","WI",15619,85
55035,"Eau Claire","WI",36682,215
55037,"Florence","WI",1350,17
55039,"Fond du Lac","WI",39260,317
55041,"Forest","WI",3349,56
55043,"Grant","WI",15513,163
55045,"Green","WI",11674,65
55047,"Green Lake","WI",6385,72
55049,"Iowa","WI",6894,34
55051,"Iron","WI",1818,50
55053,"Jackson","WI",6954,46
55055,"Jefferson","WI",26944,270
55057,"Juneau","WI",9427,76
55059,"Kenosha","WI",56650,720
55061,"Kewaunee","WI",6842,71
55063,"La Crosse","WI",43695,222
55065,"Lafayette","WI",4446,33
55067,"Langlade","WI",6762,108
55069,"Lincoln","WI",9040,160
55071,"Manitowoc","WI",25188,220
55073,"Marathon","WI",49540,550
55075,"Marinette","WI",14581,149
55077,"Marquette","WI",4644,71
55078,"Menominee","WI",2411,16
55079,"Milwaukee","WI",341679,2501
55081,"Monroe","WI",14773,113
55083,"Oconto","WI",13380,135
55085,"Oneida","WI",10958,152
55087,"Outagamie","WI",64645,451
55089,"Ozaukee","WI",27875,213
55091,"Pepin","WI",2307,20
55093,"Pierce","WI",13517,78
55095,"Polk","WI",15166,132
55097,"Portage","WI",22890,178
55099,"Price","WI",4090,42
55101,"Racine","WI",71350,761
55103,"Richland","WI",4995,57
55105,"Rock","WI",55399,463
55107,"Rusk","WI",4189,62
55111,"Sauk","WI",20998,166
55113,"Sawyer","WI",6060,71
55115,"Shawano","WI",14345,166
55117,"Sheboygan","WI",39446,362
55109,"St. Croix","WI",30696,168
55119,"Taylor","WI",5796,83
55121,"Trempealeau","WI",9970,75
90055,"Unassigned","WI",0,0
55123,"Vernon","WI",7686,119
55125,"Vilas","WI",6511,108
55127,"Walworth","WI",33399,312
55129,"Washburn","WI",5041,52
55131,"Washington","WI",46894,371
55133,"Waukesha","WI",139825,1248
55135,"Waupaca","WI",16370,266
55137,"Waushara","WI",7659,94
55139,"Winnebago","WI",63957,418
55141,"Wood","WI",27057,268
56001,"Albany","WY",11581,54
56003,"Big Horn","WY",3086,66
56005,"Campbell","WY",13903,161
56007,"Carbon","WY",5023,55
56009,"Converse","WY",3686,58
56011,"Crook","WY",1579,32
56013,"Fremont","WY",16863,204
56015,"Goshen","WY",4604,65
56017,"Hot Springs","WY",1440,20
56019,"Johnson","WY",2377,21
56021,"Laramie","WY",31608,322
56023,"Lincoln","WY",4908,38
56025,"Natrona","WY",25821,309
56027,"Niobrara","WY",863,12
56029,"Park","WY",7713,153
56031,"Platte","WY",2299,44
56033,"Sheridan","WY",10008,90
56035,"Sublette","WY",2316,28
56037,"Sweetwater","WY",12507,139
56039,"Teton","WY",12134,16
56041,"Uinta","WY",6406,43
90056,"Unassigned","WY",0,0
56043,"Washakie","WY",2755,51
56045,"Weston","WY",1905,23
