"county","state","prop_higher_education"
"Aleutians East Borough","AK","15.9"
"Aleutians West Census Area","AK","16.8"
"Anchorage Municipality","AK","36.8"
"Bethel Census Area","AK","12.7"
"Bristol Bay Borough","AK","22.1"
"Chugach Census Area","AK","30.7"
"Copper River Census Area","AK","29.8"
"Denali Borough","AK","39.4"
"Dillingham Census Area","AK","19.6"
"Fairbanks North Star Borough","AK","32.6"
"Haines Borough","AK","25.6"
"Hoonah-Angoon Census Area","AK","22.3"
"Juneau City and Borough","AK","40.1"
"Kenai Peninsula Borough","AK","27.4"
"Ketchikan Gateway Borough","AK","26.4"
"Kodiak Island Borough","AK","29.2"
"Kusilvak Census Area","AK","2.9"
"Lake and Peninsula Borough","AK","22.2"
"Matanuska-Susitna Borough","AK","23.7"
"Nome Census Area","AK","18.4"
"North Slope Borough","AK","15.6"
"Northwest Arctic Borough","AK","14.4"
"Petersburg Borough","AK","28.4"
"Prince of Wales-Hyder Census Area","AK","19.2"
"Sitka City and Borough","AK","33.2"
"Skagway Municipality","AK","25.0"
"Southeast Fairbanks Census Area","AK","19.3"
"Wrangell City and Borough","AK","15.2"
"Yakutat City and Borough","AK","10.3"
"Yukon-Koyukuk Census Area","AK","12.9"
"Baldwin","AL","32.5"
"Barbour","AL","11.2"
"Bibb","AL","11.9"
"Blount","AL","14.9"
"Bullock","AL","11.7"
"Butler","AL","14.0"
"Calhoun","AL","19.5"
"Chambers","AL","13.7"
"Cherokee","AL","12.8"
"Chilton","AL","13.5"
"Choctaw","AL","11.7"
"Clarke","AL","13.9"
"Clay","AL","13.4"
"Cleburne","AL","16.4"
"Coffee","AL","22.7"
"Colbert","AL","17.9"
"Conecuh","AL","12.5"
"Coosa","AL","11.2"
"Covington","AL","15.8"
"Crenshaw","AL","16.4"
"Cullman","AL","16.5"
"Dale","AL","18.7"
"Dallas","AL","16.1"
"DeKalb","AL","14.4"
"Elmore","AL","24.6"
"Escambia","AL","12.5"
"Etowah","AL","18.0"
"Fayette","AL","11.8"
"Franklin","AL","14.3"
"Geneva","AL","13.5"
"Greene","AL","12.7"
"Hale","AL","15.8"
"Henry","AL","21.6"
"Houston","AL","22.2"
"Jackson","AL","16.1"
"Jefferson","AL","34.7"
"Lamar","AL","10.0"
"Lauderdale","AL","25.5"
"Lawrence","AL","15.3"
"Lee","AL","38.6"
"Limestone","AL","28.4"
"Lowndes","AL","15.1"
"Macon","AL","21.2"
"Madison","AL","44.3"
"Marengo","AL","19.7"
"Marion","AL","12.6"
"Marshall","AL","21.4"
"Mobile","AL","23.9"
"Monroe","AL","12.9"
"Montgomery","AL","33.4"
"Morgan","AL","22.8"
"Perry","AL","18.9"
"Pickens","AL","13.3"
"Pike","AL","27.8"
"Randolph","AL","16.2"
"Russell","AL","17.3"
"Shelby","AL","44.8"
"St. Clair","AL","18.5"
"Sumter","AL","19.5"
"Talladega","AL","15.9"
"Tallapoosa","AL","18.1"
"Tuscaloosa","AL","30.6"
"Walker","AL","14.1"
"Washington","AL","13.6"
"Wilcox","AL","11.0"
"Winston","AL","13.5"
"Arkansas","AR","16.6"
"Ashley","AR","12.0"
"Baxter","AR","18.6"
"Benton","AR","34.6"
"Boone","AR","17.8"
"Bradley","AR","12.5"
"Calhoun","AR","12.2"
"Carroll","AR","22.0"
"Chicot","AR","14.8"
"Clark","AR","27.9"
"Clay","AR","14.0"
"Cleburne","AR","17.0"
"Cleveland","AR","16.7"
"Columbia","AR","20.2"
"Conway","AR","18.7"
"Craighead","AR","28.9"
"Crawford","AR","19.1"
"Crittenden","AR","17.5"
"Cross","AR","14.1"
"Dallas","AR","11.5"
"Desha","AR","13.7"
"Drew","AR","23.7"
"Faulkner","AR","32.9"
"Franklin","AR","10.6"
"Fulton","AR","11.4"
"Garland","AR","23.8"
"Grant","AR","18.0"
"Greene","AR","16.3"
"Hempstead","AR","16.0"
"Hot Spring","AR","16.4"
"Howard","AR","14.3"
"Independence","AR","16.5"
"Izard","AR","17.0"
"Jackson","AR","12.7"
"Jefferson","AR","19.5"
"Johnson","AR","16.0"
"Lafayette","AR","10.7"
"Lawrence","AR","14.9"
"Lee","AR","9.8"
"Lincoln","AR","8.7"
"Little River","AR","14.9"
"Logan","AR","12.6"
"Lonoke","AR","20.3"
"Madison","AR","13.5"
"Marion","AR","15.1"
"Miller","AR","16.9"
"Mississippi","AR","14.2"
"Monroe","AR","13.5"
"Montgomery","AR","15.3"
"Nevada","AR","11.1"
"Newton","AR","16.4"
"Ouachita","AR","13.3"
"Perry","AR","17.5"
"Phillips","AR","14.3"
"Pike","AR","19.5"
"Poinsett","AR","11.5"
"Polk","AR","15.5"
"Pope","AR","23.2"
"Prairie","AR","15.3"
"Pulaski","AR","36.3"
"Randolph","AR","16.1"
"Saline","AR","27.9"
"Scott","AR","10.9"
"Searcy","AR","15.3"
"Sebastian","AR","24.0"
"Sevier","AR","11.6"
"Sharp","AR","11.1"
"St. Francis","AR","11.4"
"Stone","AR","14.4"
"Union","AR","18.4"
"Van Buren","AR","16.3"
"Washington","AR","33.7"
"White","AR","20.3"
"Woodruff","AR","16.1"
"Yell","AR","14.0"
"Apache","AZ","12.8"
"Cochise","AZ","25.8"
"Coconino","AZ","38.7"
"Gila","AZ","18.8"
"Graham","AZ","14.7"
"Greenlee","AZ","16.0"
"La Paz","AZ","11.8"
"Maricopa","AZ","34.4"
"Mohave","AZ","14.6"
"Navajo","AZ","16.7"
"Pima","AZ","34.4"
"Pinal","AZ","20.9"
"Santa Cruz","AZ","23.0"
"Yavapai","AZ","27.8"
"Yuma","AZ","15.7"
"Alameda","CA","49.6"
"Alpine","CA","39.3"
"Amador","CA","19.5"
"Butte","CA","29.8"
"Calaveras","CA","19.9"
"Colusa","CA","14.7"
"Contra Costa","CA","44.1"
"Del Norte","CA","16.1"
"El Dorado","CA","36.8"
"Fresno","CA","22.6"
"Glenn","CA","14.9"
"Humboldt","CA","31.2"
"Imperial","CA","15.2"
"Inyo","CA","27.3"
"Kern","CA","17.6"
"Kings","CA","14.3"
"Lake","CA","17.5"
"Lassen","CA","11.8"
"Los Angeles","CA","34.0"
"Madera","CA","16.4"
"Marin","CA","60.1"
"Mariposa","CA","28.9"
"Mendocino","CA","24.5"
"Merced","CA","14.1"
"Modoc","CA","19.7"
"Mono","CA","29.5"
"Monterey","CA","26.5"
"Napa","CA","37.0"
"Nevada","CA","38.7"
"Orange","CA","42.1"
"Placer","CA","41.6"
"Plumas","CA","23.0"
"Riverside","CA","23.5"
"Sacramento","CA","32.0"
"San Benito","CA","20.5"
"San Bernardino","CA","21.9"
"San Diego","CA","40.3"
"San Francisco","CA","59.5"
"San Joaquin","CA","19.5"
"San Luis Obispo","CA","36.7"
"San Mateo","CA","52.5"
"Santa Barbara","CA","35.1"
"Santa Clara","CA","54.4"
"Santa Cruz","CA","41.9"
"Shasta","CA","22.6"
"Sierra","CA","22.3"
"Siskiyou","CA","21.5"
"Solano","CA","27.8"
"Sonoma","CA","37.1"
"Stanislaus","CA","17.9"
"Sutter","CA","20.0"
"Tehama","CA","17.0"
"Trinity","CA","18.6"
"Tulare","CA","15.2"
"Tuolumne","CA","24.6"
"Ventura","CA","34.0"
"Yolo","CA","43.1"
"Yuba","CA","17.7"
"Adams","CO","26.4"
"Alamosa","CO","25.6"
"Arapahoe","CO","44.5"
"Archuleta","CO","39.9"
"Baca","CO","23.8"
"Bent","CO","14.2"
"Boulder","CO","62.9"
"Broomfield","CO","57.8"
"Chaffee","CO","39.4"
"Cheyenne","CO","22.2"
"Clear Creek","CO","53.6"
"Conejos","CO","24.5"
"Costilla","CO","24.4"
"Crowley","CO","9.2"
"Custer","CO","38.7"
"Delta","CO","22.9"
"Denver","CO","52.5"
"Dolores","CO","26.5"
"Douglas","CO","59.2"
"Eagle","CO","50.9"
"El Paso","CO","39.5"
"Elbert","CO","35.3"
"Fremont","CO","18.6"
"Garfield","CO","32.9"
"Gilpin","CO","48.8"
"Grand","CO","37.7"
"Gunnison","CO","56.7"
"Hinsdale","CO","46.8"
"Huerfano","CO","25.3"
"Jackson","CO","27.2"
"Jefferson","CO","47.9"
"Kiowa","CO","20.3"
"Kit Carson","CO","18.2"
"La Plata","CO","47.0"
"Lake","CO","36.0"
"Larimer","CO","49.4"
"Las Animas","CO","18.7"
"Lincoln","CO","16.7"
"Logan","CO","20.3"
"Mesa","CO","29.3"
"Mineral","CO","56.3"
"Moffat","CO","18.8"
"Montezuma","CO","30.0"
"Montrose","CO","26.5"
"Morgan","CO","17.5"
"Otero","CO","19.0"
"Ouray","CO","46.2"
"Park","CO","33.1"
"Phillips","CO","26.0"
"Pitkin","CO","62.3"
"Prowers","CO","16.9"
"Pueblo","CO","23.7"
"Rio Blanco","CO","23.9"
"Rio Grande","CO","28.9"
"Routt","CO","50.8"
"Saguache","CO","25.5"
"San Juan","CO","42.2"
"San Miguel","CO","59.9"
"Sedgwick","CO","22.4"
"Summit","CO","52.8"
"Teller","CO","37.0"
"Washington","CO","22.1"
"Weld","CO","29.5"
"Yuma","CO","23.5"
"Fairfield","CT","49.2"
"Hartford","CT","39.2"
"Litchfield","CT","36.2"
"Middlesex","CT","43.6"
"New Haven","CT","36.6"
"New London","CT","34.6"
"Tolland","CT","42.8"
"Windham","CT","24.4"
"Kent","DE","25.7"
"New Castle","DE","37.5"
"Sussex","DE","30.4"
"Alachua","FL","45.2"
"Baker","FL","15.2"
"Bay","FL","25.6"
"Bradford","FL","11.8"
"Brevard","FL","31.7"
"Broward","FL","34.3"
"Calhoun","FL","10.0"
"Charlotte","FL","24.5"
"Citrus","FL","19.4"
"Clay","FL","26.8"
"Collier","FL","37.9"
"Columbia","FL","15.4"
"DeSoto","FL","12.7"
"Dixie","FL","10.8"
"Duval","FL","31.5"
"Escambia","FL","27.4"
"Flagler","FL","27.2"
"Franklin","FL","21.1"
"Gadsden","FL","19.6"
"Gilchrist","FL","12.5"
"Glades","FL","13.4"
"Gulf","FL","23.1"
"Hamilton","FL","9.0"
"Hardee","FL","10.2"
"Hendry","FL","8.5"
"Hernando","FL","19.4"
"Highlands","FL","18.8"
"Hillsborough","FL","35.5"
"Holmes","FL","9.5"
"Indian River","FL","32.0"
"Jackson","FL","13.2"
"Jefferson","FL","21.5"
"Lafayette","FL","7.3"
"Lake","FL","25.3"
"Lee","FL","29.0"
"Leon","FL","47.1"
"Levy","FL","15.1"
"Liberty","FL","13.5"
"Madison","FL","13.1"
"Manatee","FL","32.2"
"Marion","FL","21.4"
"Martin","FL","34.2"
"Miami-Dade","FL","31.7"
"Monroe","FL","35.7"
"Nassau","FL","31.8"
"Okaloosa","FL","33.2"
"Okeechobee","FL","16.6"
"Orange","FL","35.7"
"Osceola","FL","24.3"
"Palm Beach","FL","38.0"
"Pasco","FL","26.1"
"Pinellas","FL","34.1"
"Polk","FL","21.0"
"Putnam","FL","12.7"
"Santa Rosa","FL","29.1"
"Sarasota","FL","37.3"
"Seminole","FL","41.9"
"St. Johns","FL","46.0"
"St. Lucie","FL","24.2"
"Sumter","FL","32.8"
"Suwannee","FL","16.0"
"Taylor","FL","11.9"
"Union","FL","11.0"
"Volusia","FL","25.4"
"Wakulla","FL","20.0"
"Walton","FL","32.5"
"Washington","FL","12.5"
"Appling","GA","9.7"
"Atkinson","GA","10.9"
"Bacon","GA","11.1"
"Baker","GA","18.2"
"Baldwin","GA","25.3"
"Banks","GA","16.5"
"Barrow","GA","20.9"
"Bartow","GA","19.8"
"Ben Hill","GA","10.9"
"Berrien","GA","13.0"
"Bibb","GA","25.5"
"Bleckley","GA","16.0"
"Brantley","GA","6.5"
"Brooks","GA","16.8"
"Bryan","GA","33.5"
"Bulloch","GA","28.3"
"Burke","GA","15.1"
"Butts","GA","12.2"
"Calhoun","GA","11.5"
"Camden","GA","21.8"
"Candler","GA","12.6"
"Carroll","GA","21.5"
"Catoosa","GA","22.1"
"Charlton","GA","12.1"
"Chatham","GA","35.5"
"Chattahoochee","GA","24.7"
"Chattooga","GA","10.9"
"Cherokee","GA","38.4"
"Clarke","GA","47.0"
"Clay","GA","18.1"
"Clayton","GA","20.2"
"Clinch","GA","11.0"
"Cobb","GA","49.0"
"Coffee","GA","14.0"
"Colquitt","GA","14.4"
"Columbia","GA","37.5"
"Cook","GA","16.6"
"Coweta","GA","33.7"
"Crawford","GA","11.3"
"Crisp","GA","13.7"
"Dade","GA","16.4"
"Dawson","GA","32.8"
"DeKalb","GA","46.1"
"Decatur","GA","14.6"
"Dodge","GA","15.6"
"Dooly","GA","13.6"
"Dougherty","GA","22.6"
"Douglas","GA","29.4"
"Early","GA","14.4"
"Echols","GA","10.2"
"Effingham","GA","24.1"
"Elbert","GA","12.6"
"Emanuel","GA","12.8"
"Evans","GA","15.8"
"Fannin","GA","23.5"
"Fayette","GA","46.2"
"Floyd","GA","20.9"
"Forsyth","GA","55.9"
"Franklin","GA","16.6"
"Fulton","GA","55.9"
"Gilmer","GA","22.0"
"Glascock","GA","11.6"
"Glynn","GA","30.4"
"Gordon","GA","16.1"
"Grady","GA","15.3"
"Greene","GA","31.9"
"Gwinnett","GA","38.5"
"Habersham","GA","23.3"
"Hall","GA","25.1"
"Hancock","GA","9.2"
"Haralson","GA","16.9"
"Harris","GA","32.4"
"Hart","GA","16.6"
"Heard","GA","10.5"
"Henry","GA","28.2"
"Houston","GA","31.2"
"Irwin","GA","17.1"
"Jackson","GA","25.0"
"Jasper","GA","16.1"
"Jeff Davis","GA","12.8"
"Jefferson","GA","11.1"
"Jenkins","GA","8.0"
"Johnson","GA","9.1"
"Jones","GA","17.7"
"Lamar","GA","18.2"
"Lanier","GA","17.3"
"Laurens","GA","16.7"
"Lee","GA","30.7"
"Liberty","GA","19.7"
"Lincoln","GA","13.3"
"Long","GA","14.7"
"Lowndes","GA","26.4"
"Lumpkin","GA","32.5"
"Macon","GA","10.1"
"Madison","GA","20.4"
"Marion","GA","14.3"
"McDuffie","GA","16.0"
"McIntosh","GA","18.1"
"Meriwether","GA","11.8"
"Miller","GA","19.8"
"Mitchell","GA","11.7"
"Monroe","GA","28.8"
"Montgomery","GA","17.8"
"Morgan","GA","27.2"
"Murray","GA","10.2"
"Muscogee","GA","27.6"
"Newton","GA","21.7"
"Oconee","GA","51.6"
"Oglethorpe","GA","21.3"
"Paulding","GA","25.9"
"Peach","GA","21.7"
"Pickens","GA","24.5"
"Pierce","GA","15.5"
"Pike","GA","20.4"
"Polk","GA","13.2"
"Pulaski","GA","12.5"
"Putnam","GA","25.9"
"Quitman","GA","9.1"
"Rabun","GA","26.1"
"Randolph","GA","12.4"
"Richmond","GA","22.6"
"Rockdale","GA","27.9"
"Schley","GA","15.3"
"Screven","GA","14.7"
"Seminole","GA","15.8"
"Spalding","GA","18.6"
"Stephens","GA","16.3"
"Stewart","GA","15.4"
"Sumter","GA","19.4"
"Talbot","GA","14.1"
"Taliaferro","GA","8.6"
"Tattnall","GA","14.5"
"Taylor","GA","15.5"
"Telfair","GA","7.1"
"Terrell","GA","10.7"
"Thomas","GA","25.4"
"Tift","GA","17.8"
"Toombs","GA","16.8"
"Towns","GA","31.5"
"Treutlen","GA","14.2"
"Troup","GA","19.7"
"Turner","GA","10.9"
"Twiggs","GA","11.2"
"Union","GA","24.9"
"Upson","GA","14.6"
"Walker","GA","19.5"
"Walton","GA","23.2"
"Ware","GA","14.3"
"Warren","GA","9.2"
"Washington","GA","16.2"
"Wayne","GA","13.5"
"Webster","GA","13.6"
"Wheeler","GA","9.1"
"White","GA","21.8"
"Whitfield","GA","17.6"
"Wilcox","GA","12.6"
"Wilkes","GA","12.1"
"Wilkinson","GA","10.0"
"Worth","GA","10.8"
"Hawaii","HI","30.2"
"Honolulu","HI","36.2"
"Kalawao","HI","36.2"
"Kauai","HI","30.1"
"Maui","HI","30.0"
"Adair","IA","19.5"
"Adams","IA","22.3"
"Allamakee","IA","17.3"
"Appanoose","IA","18.9"
"Audubon","IA","21.5"
"Benton","IA","21.6"
"Black Hawk","IA","29.5"
"Boone","IA","25.6"
"Bremer","IA","33.7"
"Buchanan","IA","21.4"
"Buena Vista","IA","21.7"
"Butler","IA","19.1"
"Calhoun","IA","20.9"
"Carroll","IA","22.1"
"Cass","IA","21.0"
"Cedar","IA","21.8"
"Cerro Gordo","IA","23.9"
"Cherokee","IA","21.4"
"Chickasaw","IA","18.4"
"Clarke","IA","14.7"
"Clay","IA","23.9"
"Clayton","IA","17.4"
"Clinton","IA","21.3"
"Crawford","IA","16.8"
"Dallas","IA","50.4"
"Davis","IA","19.1"
"Decatur","IA","26.4"
"Delaware","IA","18.8"
"Des Moines","IA","21.9"
"Dickinson","IA","31.5"
"Dubuque","IA","32.1"
"Emmet","IA","16.3"
"Fayette","IA","17.2"
"Floyd","IA","20.3"
"Franklin","IA","18.0"
"Fremont","IA","18.0"
"Greene","IA","20.5"
"Grundy","IA","25.9"
"Guthrie","IA","20.6"
"Hamilton","IA","24.2"
"Hancock","IA","20.3"
"Hardin","IA","19.7"
"Harrison","IA","19.3"
"Henry","IA","21.7"
"Howard","IA","18.2"
"Humboldt","IA","18.3"
"Ida","IA","19.3"
"Iowa","IA","23.1"
"Jackson","IA","19.3"
"Jasper","IA","19.1"
"Jefferson","IA","38.3"
"Johnson","IA","54.1"
"Jones","IA","21.7"
"Keokuk","IA","17.0"
"Kossuth","IA","18.9"
"Lee","IA","19.2"
"Linn","IA","34.3"
"Louisa","IA","15.3"
"Lucas","IA","14.9"
"Lyon","IA","19.3"
"Madison","IA","24.8"
"Mahaska","IA","21.0"
"Marion","IA","30.9"
"Marshall","IA","20.7"
"Mills","IA","28.7"
"Mitchell","IA","21.5"
"Monona","IA","15.0"
"Monroe","IA","19.8"
"Montgomery","IA","18.7"
"Muscatine","IA","22.9"
"O'Brien","IA","21.3"
"Osceola","IA","17.0"
"Page","IA","17.3"
"Palo Alto","IA","23.3"
"Plymouth","IA","23.8"
"Pocahontas","IA","17.1"
"Polk","IA","38.0"
"Pottawattamie","IA","22.9"
"Poweshiek","IA","29.6"
"Ringgold","IA","20.3"
"Sac","IA","18.1"
"Scott","IA","33.6"
"Shelby","IA","22.0"
"Sioux","IA","31.1"
"Story","IA","51.1"
"Tama","IA","16.5"
"Taylor","IA","17.2"
"Union","IA","22.7"
"Van Buren","IA","16.3"
"Wapello","IA","19.1"
"Warren","IA","32.3"
"Washington","IA","23.6"
"Wayne","IA","15.2"
"Webster","IA","19.9"
"Winnebago","IA","24.1"
"Winneshiek","IA","30.6"
"Woodbury","IA","23.3"
"Worth","IA","20.0"
"Wright","IA","19.4"
"Ada","ID","40.7"
"Adams","ID","18.5"
"Bannock","ID","29.0"
"Bear Lake","ID","19.1"
"Benewah","ID","18.2"
"Bingham","ID","19.6"
"Blaine","ID","42.4"
"Boise","ID","27.8"
"Bonner","ID","26.6"
"Bonneville","ID","31.3"
"Boundary","ID","16.3"
"Butte","ID","14.7"
"Camas","ID","23.4"
"Canyon","ID","20.7"
"Caribou","ID","18.9"
"Cassia","ID","18.7"
"Clark","ID","19.2"
"Clearwater","ID","18.1"
"Custer","ID","27.5"
"Elmore","ID","19.5"
"Franklin","ID","15.5"
"Fremont","ID","21.3"
"Gem","ID","21.3"
"Gooding","ID","15.5"
"Idaho","ID","22.0"
"Jefferson","ID","25.2"
"Jerome","ID","13.6"
"Kootenai","ID","26.5"
"Latah","ID","43.9"
"Lemhi","ID","21.9"
"Lewis","ID","18.9"
"Lincoln","ID","11.8"
"Madison","ID","36.3"
"Minidoka","ID","12.9"
"Nez Perce","ID","25.4"
"Oneida","ID","22.5"
"Owyhee","ID","13.3"
"Payette","ID","18.5"
"Power","ID","13.8"
"Shoshone","ID","11.3"
"Teton","ID","46.6"
"Twin Falls","ID","23.5"
"Valley","ID","29.5"
"Washington","ID","17.5"
"Adams","IL","25.7"
"Alexander","IL","12.3"
"Bond","IL","21.2"
"Boone","IL","24.8"
"Brown","IL","13.0"
"Bureau","IL","20.4"
"Calhoun","IL","17.3"
"Carroll","IL","19.9"
"Cass","IL","18.2"
"Champaign","IL","45.5"
"Christian","IL","18.2"
"Clark","IL","23.4"
"Clay","IL","14.8"
"Clinton","IL","23.1"
"Coles","IL","25.7"
"Cook","IL","40.7"
"Crawford","IL","17.3"
"Cumberland","IL","19.2"
"De Witt","IL","20.9"
"DeKalb","IL","33.2"
"Douglas","IL","19.1"
"DuPage","IL","50.7"
"Edgar","IL","18.2"
"Edwards","IL","13.3"
"Effingham","IL","23.1"
"Fayette","IL","12.6"
"Ford","IL","21.7"
"Franklin","IL","17.7"
"Fulton","IL","18.3"
"Gallatin","IL","11.0"
"Greene","IL","16.5"
"Grundy","IL","26.6"
"Hamilton","IL","18.7"
"Hancock","IL","24.5"
"Hardin","IL","13.4"
"Henderson","IL","18.6"
"Henry","IL","23.9"
"Iroquois","IL","15.9"
"Jackson","IL","34.2"
"Jasper","IL","19.8"
"Jefferson","IL","18.2"
"Jersey","IL","22.4"
"Jo Daviess","IL","25.1"
"Johnson","IL","17.3"
"Kane","IL","36.0"
"Kankakee","IL","20.7"
"Kendall","IL","35.3"
"Knox","IL","19.7"
"LaSalle","IL","18.5"
"Lake","IL","46.3"
"Lawrence","IL","13.3"
"Lee","IL","18.6"
"Livingston","IL","16.8"
"Logan","IL","21.1"
"Macon","IL","23.5"
"Macoupin","IL","18.5"
"Madison","IL","28.5"
"Marion","IL","16.2"
"Marshall","IL","18.0"
"Mason","IL","16.7"
"Massac","IL","13.1"
"McDonough","IL","32.2"
"McHenry","IL","35.2"
"McLean","IL","45.6"
"Menard","IL","24.4"
"Mercer","IL","18.7"
"Monroe","IL","37.1"
"Montgomery","IL","17.9"
"Morgan","IL","21.1"
"Moultrie","IL","19.8"
"Ogle","IL","21.6"
"Peoria","IL","32.9"
"Perry","IL","11.6"
"Piatt","IL","31.1"
"Pike","IL","17.6"
"Pope","IL","14.5"
"Pulaski","IL","14.7"
"Putnam","IL","20.0"
"Randolph","IL","13.2"
"Richland","IL","19.4"
"Rock Island","IL","23.6"
"Saline","IL","19.2"
"Sangamon","IL","34.0"
"Schuyler","IL","17.4"
"Scott","IL","22.1"
"Shelby","IL","17.4"
"St. Clair","IL","29.6"
"Stark","IL","19.5"
"Stephenson","IL","21.3"
"Tazewell","IL","27.7"
"Union","IL","22.7"
"Vermilion","IL","16.3"
"Wabash","IL","18.5"
"Warren","IL","22.4"
"Washington","IL","22.6"
"Wayne","IL","15.2"
"White","IL","16.2"
"Whiteside","IL","18.8"
"Will","IL","35.4"
"Williamson","IL","26.6"
"Winnebago","IL","23.3"
"Woodford","IL","34.9"
"Adams","IN","14.4"
"Allen","IN","29.9"
"Bartholomew","IN","35.2"
"Benton","IN","17.5"
"Blackford","IN","14.2"
"Boone","IN","49.4"
"Brown","IN","27.7"
"Carroll","IN","14.7"
"Cass","IN","13.6"
"Clark","IN","22.8"
"Clay","IN","16.3"
"Clinton","IN","14.9"
"Crawford","IN","11.7"
"Daviess","IN","13.7"
"DeKalb","IN","18.7"
"Dearborn","IN","24.9"
"Decatur","IN","20.8"
"Delaware","IN","25.4"
"Dubois","IN","24.6"
"Elkhart","IN","20.0"
"Fayette","IN","15.1"
"Floyd","IN","30.3"
"Fountain","IN","13.0"
"Franklin","IN","21.4"
"Fulton","IN","16.3"
"Gibson","IN","18.2"
"Grant","IN","19.6"
"Greene","IN","15.7"
"Hamilton","IN","60.5"
"Hancock","IN","32.6"
"Harrison","IN","18.8"
"Hendricks","IN","39.5"
"Henry","IN","17.5"
"Howard","IN","20.8"
"Huntington","IN","20.9"
"Jackson","IN","17.5"
"Jasper","IN","17.4"
"Jay","IN","12.9"
"Jefferson","IN","18.4"
"Jennings","IN","15.4"
"Johnson","IN","32.8"
"Knox","IN","18.6"
"Kosciusko","IN","24.3"
"LaGrange","IN","10.4"
"LaPorte","IN","19.7"
"Lake","IN","23.7"
"Lawrence","IN","19.8"
"Madison","IN","19.0"
"Marion","IN","32.8"
"Marshall","IN","20.5"
"Martin","IN","14.4"
"Miami","IN","14.7"
"Monroe","IN","47.4"
"Montgomery","IN","20.2"
"Morgan","IN","19.1"
"Newton","IN","11.7"
"Noble","IN","16.3"
"Ohio","IN","15.7"
"Orange","IN","13.3"
"Owen","IN","14.0"
"Parke","IN","13.0"
"Perry","IN","15.6"
"Pike","IN","14.2"
"Porter","IN","30.3"
"Posey","IN","24.2"
"Pulaski","IN","13.1"
"Putnam","IN","17.7"
"Randolph","IN","16.2"
"Ripley","IN","19.2"
"Rush","IN","16.3"
"Scott","IN","13.3"
"Shelby","IN","18.7"
"Spencer","IN","19.2"
"St. Joseph","IN","32.1"
"Starke","IN","11.9"
"Steuben","IN","22.9"
"Sullivan","IN","12.6"
"Switzerland","IN","9.2"
"Tippecanoe","IN","40.6"
"Tipton","IN","24.8"
"Union","IN","19.9"
"Vanderburgh","IN","27.2"
"Vermillion","IN","16.5"
"Vigo","IN","25.1"
"Wabash","IN","19.9"
"Warren","IN","18.0"
"Warrick","IN","32.8"
"Washington","IN","12.8"
"Wayne","IN","19.4"
"Wells","IN","18.0"
"White","IN","17.6"
"Whitley","IN","23.1"
"Allen","KS","18.7"
"Anderson","KS","16.4"
"Atchison","KS","22.1"
"Barber","KS","24.7"
"Barton","KS","20.9"
"Bourbon","KS","23.5"
"Brown","KS","19.1"
"Butler","KS","32.3"
"Chase","KS","29.3"
"Chautauqua","KS","15.2"
"Cherokee","KS","19.6"
"Cheyenne","KS","21.6"
"Clark","KS","27.3"
"Clay","KS","25.8"
"Cloud","KS","22.3"
"Coffey","KS","22.7"
"Comanche","KS","18.1"
"Cowley","KS","24.1"
"Crawford","KS","30.1"
"Decatur","KS","22.3"
"Dickinson","KS","24.5"
"Doniphan","KS","18.7"
"Douglas","KS","52.3"
"Edwards","KS","18.2"
"Elk","KS","18.0"
"Ellis","KS","37.4"
"Ellsworth","KS","20.8"
"Finney","KS","17.7"
"Ford","KS","20.5"
"Franklin","KS","23.0"
"Geary","KS","23.9"
"Gove","KS","19.6"
"Graham","KS","26.4"
"Grant","KS","24.1"
"Gray","KS","23.1"
"Greeley","KS","29.3"
"Greenwood","KS","17.6"
"Hamilton","KS","19.4"
"Harper","KS","16.8"
"Harvey","KS","32.0"
"Haskell","KS","15.3"
"Hodgeman","KS","30.2"
"Jackson","KS","21.2"
"Jefferson","KS","24.6"
"Jewell","KS","19.7"
"Johnson","KS","56.3"
"Kearny","KS","19.2"
"Kingman","KS","22.2"
"Kiowa","KS","24.6"
"Labette","KS","22.3"
"Lane","KS","23.8"
"Leavenworth","KS","34.6"
"Lincoln","KS","24.7"
"Linn","KS","20.5"
"Logan","KS","20.4"
"Lyon","KS","26.7"
"Marion","KS","27.6"
"Marshall","KS","18.8"
"McPherson","KS","29.7"
"Meade","KS","22.4"
"Miami","KS","32.8"
"Mitchell","KS","25.9"
"Montgomery","KS","20.5"
"Morris","KS","25.3"
"Morton","KS","17.2"
"Nemaha","KS","28.1"
"Neosho","KS","20.5"
"Ness","KS","21.9"
"Norton","KS","23.3"
"Osage","KS","21.4"
"Osborne","KS","21.5"
"Ottawa","KS","21.2"
"Pawnee","KS","19.5"
"Phillips","KS","21.5"
"Pottawatomie","KS","36.7"
"Pratt","KS","32.1"
"Rawlins","KS","21.7"
"Reno","KS","20.7"
"Republic","KS","26.1"
"Rice","KS","22.5"
"Riley","KS","48.2"
"Rooks","KS","20.7"
"Rush","KS","20.4"
"Russell","KS","21.6"
"Saline","KS","27.8"
"Scott","KS","23.9"
"Sedgwick","KS","31.2"
"Seward","KS","11.3"
"Shawnee","KS","32.3"
"Sheridan","KS","22.8"
"Sherman","KS","21.4"
"Smith","KS","21.4"
"Stafford","KS","26.4"
"Stanton","KS","15.0"
"Stevens","KS","12.2"
"Sumner","KS","25.4"
"Thomas","KS","24.1"
"Trego","KS","23.8"
"Wabaunsee","KS","24.3"
"Wallace","KS","28.3"
"Washington","KS","22.4"
"Wichita","KS","18.0"
"Wilson","KS","18.4"
"Woodson","KS","20.4"
"Wyandotte","KS","19.3"
"Adair","KY","18.9"
"Allen","KY","17.4"
"Anderson","KY","25.3"
"Ballard","KY","16.1"
"Barren","KY","17.2"
"Bath","KY","14.9"
"Bell","KY","9.9"
"Boone","KY","34.0"
"Bourbon","KY","23.1"
"Boyd","KY","20.6"
"Boyle","KY","26.7"
"Bracken","KY","13.0"
"Breathitt","KY","16.9"
"Breckinridge","KY","14.2"
"Bullitt","KY","16.1"
"Butler","KY","13.8"
"Caldwell","KY","17.1"
"Calloway","KY","31.6"
"Campbell","KY","38.7"
"Carlisle","KY","12.5"
"Carroll","KY","6.6"
"Carter","KY","12.9"
"Casey","KY","11.6"
"Christian","KY","18.3"
"Clark","KY","20.1"
"Clay","KY","11.5"
"Clinton","KY","13.8"
"Crittenden","KY","12.9"
"Cumberland","KY","13.4"
"Daviess","KY","25.0"
"Edmonson","KY","10.2"
"Elliott","KY","8.9"
"Estill","KY","10.6"
"Fayette","KY","45.6"
"Fleming","KY","15.7"
"Floyd","KY","12.6"
"Franklin","KY","29.6"
"Fulton","KY","13.7"
"Gallatin","KY","10.4"
"Garrard","KY","20.5"
"Grant","KY","15.0"
"Graves","KY","18.0"
"Grayson","KY","11.4"
"Green","KY","13.9"
"Greenup","KY","16.8"
"Hancock","KY","15.3"
"Hardin","KY","22.6"
"Harlan","KY","9.5"
"Harrison","KY","17.5"
"Hart","KY","10.6"
"Henderson","KY","18.0"
"Henry","KY","13.8"
"Hickman","KY","24.4"
"Hopkins","KY","16.5"
"Jackson","KY","9.1"
"Jefferson","KY","35.0"
"Jessamine","KY","29.6"
"Johnson","KY","16.1"
"Kenton","KY","35.5"
"Knott","KY","16.0"
"Knox","KY","15.3"
"Larue","KY","16.9"
"Laurel","KY","15.4"
"Lawrence","KY","12.2"
"Lee","KY","7.9"
"Leslie","KY","9.2"
"Letcher","KY","10.3"
"Lewis","KY","8.8"
"Lincoln","KY","13.7"
"Livingston","KY","14.6"
"Logan","KY","16.9"
"Lyon","KY","14.3"
"Madison","KY","33.4"
"Magoffin","KY","10.9"
"Marion","KY","14.1"
"Marshall","KY","21.4"
"Martin","KY","11.8"
"Mason","KY","22.2"
"McCracken","KY","26.7"
"McCreary","KY","7.0"
"McLean","KY","17.4"
"Meade","KY","17.3"
"Menifee","KY","11.1"
"Mercer","KY","20.1"
"Metcalfe","KY","13.8"
"Monroe","KY","14.8"
"Montgomery","KY","16.7"
"Morgan","KY","15.3"
"Muhlenberg","KY","12.0"
"Nelson","KY","20.8"
"Nicholas","KY","9.2"
"Ohio","KY","14.6"
"Oldham","KY","44.4"
"Owen","KY","18.1"
"Owsley","KY","11.5"
"Pendleton","KY","16.0"
"Perry","KY","14.0"
"Pike","KY","15.7"
"Powell","KY","16.5"
"Pulaski","KY","17.2"
"Robertson","KY","13.7"
"Rockcastle","KY","12.1"
"Rowan","KY","25.8"
"Russell","KY","16.2"
"Scott","KY","29.7"
"Shelby","KY","28.8"
"Simpson","KY","13.8"
"Spencer","KY","22.4"
"Taylor","KY","21.8"
"Todd","KY","14.7"
"Trigg","KY","21.0"
"Trimble","KY","14.7"
"Union","KY","10.1"
"Warren","KY","32.3"
"Washington","KY","20.7"
"Wayne","KY","15.9"
"Webster","KY","10.0"
"Whitley","KY","19.7"
"Wolfe","KY","6.6"
"Woodford","KY","39.6"
"Acadia Parish","LA","13.6"
"Allen Parish","LA","12.1"
"Ascension Parish","LA","28.7"
"Assumption Parish","LA","10.8"
"Avoyelles Parish","LA","12.3"
"Beauregard Parish","LA","18.3"
"Bienville Parish","LA","12.5"
"Bossier Parish","LA","26.8"
"Caddo Parish","LA","24.0"
"Calcasieu Parish","LA","23.8"
"Caldwell Parish","LA","12.1"
"Cameron Parish","LA","17.1"
"Catahoula Parish","LA","15.5"
"Claiborne Parish","LA","12.2"
"Concordia Parish","LA","15.5"
"De Soto Parish","LA","14.4"
"East Baton Rouge Parish","LA","37.5"
"East Carroll Parish","LA","10.2"
"East Feliciana Parish","LA","15.9"
"Evangeline Parish","LA","12.6"
"Franklin Parish","LA","14.8"
"Grant Parish","LA","11.5"
"Iberia Parish","LA","14.5"
"Iberville Parish","LA","15.7"
"Jackson Parish","LA","12.4"
"Jefferson Davis Parish","LA","16.5"
"Jefferson Parish","LA","28.7"
"LaSalle Parish","LA","17.0"
"Lafayette Parish","LA","33.9"
"Lafourche Parish","LA","17.3"
"Lincoln Parish","LA","37.6"
"Livingston Parish","LA","20.3"
"Madison Parish","LA","15.1"
"Morehouse Parish","LA","11.5"
"Natchitoches Parish","LA","21.6"
"Orleans Parish","LA","39.1"
"Ouachita Parish","LA","24.8"
"Plaquemines Parish","LA","17.1"
"Pointe Coupee Parish","LA","15.2"
"Rapides Parish","LA","21.5"
"Red River Parish","LA","12.4"
"Richland Parish","LA","15.4"
"Sabine Parish","LA","12.8"
"St. Bernard Parish","LA","14.7"
"St. Charles Parish","LA","28.4"
"St. Helena Parish","LA","12.4"
"St. James Parish","LA","18.3"
"St. John the Baptist Parish","LA","16.0"
"St. Landry Parish","LA","14.7"
"St. Martin Parish","LA","14.9"
"St. Mary Parish","LA","12.2"
"St. Tammany Parish","LA","36.4"
"Tangipahoa Parish","LA","21.2"
"Tensas Parish","LA","13.4"
"Terrebonne Parish","LA","16.5"
"Union Parish","LA","16.6"
"Vermilion Parish","LA","17.4"
"Vernon Parish","LA","18.6"
"Washington Parish","LA","10.7"
"Webster Parish","LA","14.4"
"West Baton Rouge Parish","LA","20.9"
"West Carroll Parish","LA","11.4"
"West Feliciana Parish","LA","22.8"
"Winn Parish","LA","14.0"
"Barnstable","MA","44.9"
"Berkshire","MA","36.1"
"Bristol","MA","29.3"
"Dukes","MA","46.1"
"Essex","MA","41.2"
"Franklin","MA","38.8"
"Hampden","MA","28.2"
"Hampshire","MA","50.2"
"Middlesex","MA","57.8"
"Nantucket","MA","50.7"
"Norfolk","MA","55.5"
"Plymouth","MA","39.3"
"Suffolk","MA","48.1"
"Worcester","MA","38.1"
"Allegany","MD","20.2"
"Anne Arundel","MD","42.9"
"Baltimore","MD","40.4"
"Baltimore city","MD","34.2"
"Calvert","MD","35.7"
"Caroline","MD","19.0"
"Carroll","MD","38.0"
"Cecil","MD","25.7"
"Charles","MD","31.1"
"Dorchester","MD","19.9"
"Frederick","MD","42.3"
"Garrett","MD","24.7"
"Harford","MD","37.7"
"Howard","MD","63.6"
"Kent","MD","37.5"
"Montgomery","MD","59.8"
"Prince George's","MD","34.9"
"Queen Anne's","MD","37.0"
"Somerset","MD","17.0"
"St. Mary's","MD","33.0"
"Talbot","MD","41.0"
"Washington","MD","22.6"
"Wicomico","MD","28.8"
"Worcester","MD","30.6"
"Androscoggin","ME","22.9"
"Aroostook","ME","20.3"
"Cumberland","ME","49.8"
"Franklin","ME","28.1"
"Hancock","ME","35.5"
"Kennebec","ME","29.7"
"Knox","ME","36.3"
"Lincoln","ME","37.6"
"Oxford","ME","21.1"
"Penobscot","ME","30.0"
"Piscataquis","ME","20.3"
"Sagadahoc","ME","38.2"
"Somerset","ME","19.9"
"Waldo","ME","32.9"
"Washington","ME","24.0"
"York","ME","32.8"
"Alcona","MI","19.4"
"Alger","MI","17.9"
"Allegan","MI","23.7"
"Alpena","MI","16.8"
"Antrim","MI","30.0"
"Arenac","MI","14.3"
"Baraga","MI","14.7"
"Barry","MI","24.1"
"Bay","MI","20.3"
"Benzie","MI","32.8"
"Berrien","MI","29.0"
"Branch","MI","15.4"
"Calhoun","MI","21.8"
"Cass","MI","20.9"
"Charlevoix","MI","32.5"
"Cheboygan","MI","22.7"
"Chippewa","MI","23.4"
"Clare","MI","12.1"
"Clinton","MI","32.6"
"Crawford","MI","21.2"
"Delta","MI","18.8"
"Dickinson","MI","23.5"
"Eaton","MI","30.3"
"Emmet","MI","37.0"
"Genesee","MI","22.2"
"Gladwin","MI","14.2"
"Gogebic","MI","21.7"
"Grand Traverse","MI","38.4"
"Gratiot","MI","16.8"
"Hillsdale","MI","18.3"
"Houghton","MI","33.6"
"Huron","MI","16.2"
"Ingham","MI","40.6"
"Ionia","MI","16.1"
"Iosco","MI","16.1"
"Iron","MI","19.2"
"Isabella","MI","30.2"
"Jackson","MI","22.6"
"Kalamazoo","MI","40.4"
"Kalkaska","MI","15.9"
"Kent","MI","38.1"
"Keweenaw","MI","36.8"
"Lake","MI","13.1"
"Lapeer","MI","18.6"
"Leelanau","MI","47.3"
"Lenawee","MI","21.9"
"Livingston","MI","37.8"
"Luce","MI","17.9"
"Mackinac","MI","24.7"
"Macomb","MI","26.1"
"Manistee","MI","22.0"
"Marquette","MI","34.1"
"Mason","MI","23.3"
"Mecosta","MI","24.4"
"Menominee","MI","17.5"
"Midland","MI","35.6"
"Missaukee","MI","15.2"
"Monroe","MI","21.6"
"Montcalm","MI","13.9"
"Montmorency","MI","14.3"
"Muskegon","MI","20.5"
"Newaygo","MI","17.1"
"Oakland","MI","48.9"
"Oceana","MI","20.3"
"Ogemaw","MI","13.3"
"Ontonagon","MI","15.0"
"Osceola","MI","15.2"
"Oscoda","MI","13.6"
"Otsego","MI","26.8"
"Ottawa","MI","35.7"
"Presque Isle","MI","19.2"
"Roscommon","MI","17.1"
"Saginaw","MI","22.3"
"Sanilac","MI","14.9"
"Schoolcraft","MI","18.7"
"Shiawassee","MI","18.2"
"St. Clair","MI","19.4"
"St. Joseph","MI","16.4"
"Tuscola","MI","14.2"
"Van Buren","MI","21.4"
"Washtenaw","MI","57.2"
"Wayne","MI","25.8"
"Wexford","MI","20.2"
"Aitkin","MN","17.2"
"Anoka","MN","31.3"
"Becker","MN","25.8"
"Beltrami","MN","30.4"
"Benton","MN","22.9"
"Big Stone","MN","20.1"
"Blue Earth","MN","35.5"
"Brown","MN","23.7"
"Carlton","MN","23.9"
"Carver","MN","49.7"
"Cass","MN","24.3"
"Chippewa","MN","19.2"
"Chisago","MN","22.4"
"Clay","MN","36.0"
"Clearwater","MN","17.7"
"Cook","MN","42.4"
"Cottonwood","MN","22.2"
"Crow Wing","MN","25.9"
"Dakota","MN","43.2"
"Dodge","MN","28.2"
"Douglas","MN","26.9"
"Faribault","MN","20.2"
"Fillmore","MN","22.4"
"Freeborn","MN","16.8"
"Goodhue","MN","26.6"
"Grant","MN","18.5"
"Hennepin","MN","51.8"
"Houston","MN","25.4"
"Hubbard","MN","29.5"
"Isanti","MN","18.8"
"Itasca","MN","25.2"
"Jackson","MN","22.1"
"Kanabec","MN","14.8"
"Kandiyohi","MN","25.3"
"Kittson","MN","26.0"
"Koochiching","MN","16.2"
"Lac qui Parle","MN","19.4"
"Lake","MN","26.0"
"Lake of the Woods","MN","21.9"
"Le Sueur","MN","23.8"
"Lincoln","MN","21.0"
"Lyon","MN","26.9"
"Mahnomen","MN","12.9"
"Marshall","MN","19.3"
"Martin","MN","21.6"
"McLeod","MN","19.3"
"Meeker","MN","19.6"
"Mille Lacs","MN","16.1"
"Morrison","MN","17.9"
"Mower","MN","23.6"
"Murray","MN","21.3"
"Nicollet","MN","35.2"
"Nobles","MN","16.6"
"Norman","MN","21.9"
"Olmsted","MN","47.1"
"Otter Tail","MN","26.8"
"Pennington","MN","19.7"
"Pine","MN","15.3"
"Pipestone","MN","20.4"
"Polk","MN","27.0"
"Pope","MN","22.2"
"Ramsey","MN","43.9"
"Red Lake","MN","17.7"
"Redwood","MN","19.1"
"Renville","MN","16.0"
"Rice","MN","28.9"
"Rock","MN","25.7"
"Roseau","MN","20.0"
"Scott","MN","42.3"
"Sherburne","MN","25.9"
"Sibley","MN","17.0"
"St. Louis","MN","31.2"
"Stearns","MN","28.7"
"Steele","MN","27.9"
"Stevens","MN","28.3"
"Swift","MN","20.9"
"Todd","MN","14.6"
"Traverse","MN","14.9"
"Wabasha","MN","26.8"
"Wadena","MN","16.7"
"Waseca","MN","22.5"
"Washington","MN","47.1"
"Watonwan","MN","18.8"
"Wilkin","MN","22.4"
"Winona","MN","31.8"
"Wright","MN","31.9"
"Yellow Medicine","MN","18.2"
"Adair","MO","33.0"
"Andrew","MO","27.3"
"Atchison","MO","20.7"
"Audrain","MO","15.1"
"Barry","MO","14.9"
"Barton","MO","19.5"
"Bates","MO","14.0"
"Benton","MO","14.3"
"Bollinger","MO","11.9"
"Boone","MO","48.5"
"Buchanan","MO","22.1"
"Butler","MO","13.1"
"Caldwell","MO","14.9"
"Callaway","MO","24.0"
"Camden","MO","22.4"
"Cape Girardeau","MO","32.8"
"Carroll","MO","19.6"
"Carter","MO","13.2"
"Cass","MO","27.2"
"Cedar","MO","15.4"
"Chariton","MO","19.2"
"Christian","MO","31.5"
"Clark","MO","12.3"
"Clay","MO","34.2"
"Clinton","MO","21.3"
"Cole","MO","35.3"
"Cooper","MO","23.3"
"Crawford","MO","12.0"
"Dade","MO","13.8"
"Dallas","MO","13.0"
"Daviess","MO","20.0"
"DeKalb","MO","15.3"
"Dent","MO","15.6"
"Douglas","MO","13.2"
"Dunklin","MO","13.9"
"Franklin","MO","21.1"
"Gasconade","MO","18.1"
"Gentry","MO","19.9"
"Greene","MO","31.8"
"Grundy","MO","16.2"
"Harrison","MO","16.6"
"Henry","MO","15.7"
"Hickory","MO","9.8"
"Holt","MO","20.9"
"Howard","MO","27.7"
"Howell","MO","18.2"
"Iron","MO","15.6"
"Jackson","MO","32.4"
"Jasper","MO","23.9"
"Jefferson","MO","22.1"
"Johnson","MO","29.2"
"Knox","MO","15.4"
"Laclede","MO","16.7"
"Lafayette","MO","21.5"
"Lawrence","MO","15.3"
"Lewis","MO","12.7"
"Lincoln","MO","18.8"
"Linn","MO","19.1"
"Livingston","MO","20.0"
"Macon","MO","17.7"
"Madison","MO","15.7"
"Maries","MO","17.0"
"Marion","MO","24.3"
"McDonald","MO","10.9"
"Mercer","MO","18.4"
"Miller","MO","19.7"
"Mississippi","MO","13.4"
"Moniteau","MO","18.3"
"Monroe","MO","15.8"
"Montgomery","MO","16.4"
"Morgan","MO","13.1"
"New Madrid","MO","13.7"
"Newton","MO","22.5"
"Nodaway","MO","27.0"
"Oregon","MO","14.2"
"Osage","MO","21.7"
"Ozark","MO","11.9"
"Pemiscot","MO","11.7"
"Perry","MO","19.2"
"Pettis","MO","18.3"
"Phelps","MO","31.2"
"Pike","MO","14.9"
"Platte","MO","44.4"
"Polk","MO","21.6"
"Pulaski","MO","29.1"
"Putnam","MO","18.7"
"Ralls","MO","14.5"
"Randolph","MO","18.2"
"Ray","MO","15.4"
"Reynolds","MO","13.7"
"Ripley","MO","10.3"
"Saline","MO","24.4"
"Schuyler","MO","9.7"
"Scotland","MO","14.6"
"Scott","MO","20.3"
"Shannon","MO","15.3"
"Shelby","MO","18.9"
"St. Charles","MO","41.8"
"St. Clair","MO","13.4"
"St. Francois","MO","14.6"
"St. Louis","MO","45.3"
"St. Louis city","MO","38.0"
"Ste. Genevieve","MO","19.0"
"Stoddard","MO","13.6"
"Stone","MO","20.7"
"Sullivan","MO","15.1"
"Taney","MO","22.3"
"Texas","MO","14.8"
"Vernon","MO","19.1"
"Warren","MO","19.6"
"Washington","MO","12.6"
"Wayne","MO","10.7"
"Webster","MO","18.3"
"Worth","MO","18.3"
"Wright","MO","11.7"
"Adams","MS","17.9"
"Alcorn","MS","19.8"
"Amite","MS","10.6"
"Attala","MS","13.1"
"Benton","MS","9.3"
"Bolivar","MS","25.5"
"Calhoun","MS","12.4"
"Carroll","MS","14.7"
"Chickasaw","MS","12.5"
"Choctaw","MS","18.6"
"Claiborne","MS","21.3"
"Clarke","MS","12.4"
"Clay","MS","19.7"
"Coahoma","MS","18.4"
"Copiah","MS","18.2"
"Covington","MS","15.8"
"DeSoto","MS","26.1"
"Forrest","MS","28.9"
"Franklin","MS","15.9"
"George","MS","13.6"
"Greene","MS","10.8"
"Grenada","MS","20.4"
"Hancock","MS","24.1"
"Harrison","MS","24.5"
"Hinds","MS","30.9"
"Holmes","MS","12.7"
"Humphreys","MS","18.1"
"Issaquena","MS","4.5"
"Itawamba","MS","14.7"
"Jackson","MS","23.0"
"Jasper","MS","14.9"
"Jefferson","MS","18.1"
"Jefferson Davis","MS","13.9"
"Jones","MS","20.5"
"Kemper","MS","14.0"
"Lafayette","MS","45.0"
"Lamar","MS","32.8"
"Lauderdale","MS","20.7"
"Lawrence","MS","15.0"
"Leake","MS","16.4"
"Lee","MS","28.3"
"Leflore","MS","18.8"
"Lincoln","MS","16.2"
"Lowndes","MS","25.1"
"Madison","MS","50.2"
"Marion","MS","11.3"
"Marshall","MS","12.9"
"Monroe","MS","16.7"
"Montgomery","MS","18.1"
"Neshoba","MS","13.0"
"Newton","MS","14.7"
"Noxubee","MS","12.2"
"Oktibbeha","MS","44.1"
"Panola","MS","15.9"
"Pearl River","MS","14.5"
"Perry","MS","9.6"
"Pike","MS","16.3"
"Pontotoc","MS","17.2"
"Prentiss","MS","16.8"
"Quitman","MS","11.2"
"Rankin","MS","31.5"
"Scott","MS","12.2"
"Sharkey","MS","17.0"
"Simpson","MS","16.0"
"Smith","MS","14.8"
"Stone","MS","14.8"
"Sunflower","MS","16.1"
"Tallahatchie","MS","12.3"
"Tate","MS","18.9"
"Tippah","MS","14.8"
"Tishomingo","MS","12.8"
"Tunica","MS","15.8"
"Union","MS","16.4"
"Walthall","MS","18.0"
"Warren","MS","24.2"
"Washington","MS","20.6"
"Wayne","MS","21.0"
"Webster","MS","17.7"
"Wilkinson","MS","13.4"
"Winston","MS","15.8"
"Yalobusha","MS","11.4"
"Yazoo","MS","11.8"
"Beaverhead","MT","33.1"
"Big Horn","MT","19.4"
"Blaine","MT","24.7"
"Broadwater","MT","23.5"
"Carbon","MT","31.5"
"Carter","MT","20.8"
"Cascade","MT","27.7"
"Chouteau","MT","27.3"
"Custer","MT","28.0"
"Daniels","MT","22.3"
"Dawson","MT","23.2"
"Deer Lodge","MT","22.5"
"Fallon","MT","19.2"
"Fergus","MT","26.4"
"Flathead","MT","33.6"
"Gallatin","MT","52.2"
"Garfield","MT","21.5"
"Glacier","MT","21.7"
"Golden Valley","MT","19.3"
"Granite","MT","32.8"
"Hill","MT","26.1"
"Jefferson","MT","35.8"
"Judith Basin","MT","23.2"
"Lake","MT","32.5"
"Lewis and Clark","MT","42.3"
"Liberty","MT","22.7"
"Lincoln","MT","19.1"
"Madison","MT","31.9"
"McCone","MT","18.2"
"Meagher","MT","29.6"
"Mineral","MT","25.1"
"Missoula","MT","44.2"
"Musselshell","MT","20.9"
"Park","MT","33.3"
"Petroleum","MT","28.3"
"Phillips","MT","19.0"
"Pondera","MT","22.7"
"Powder River","MT","25.0"
"Powell","MT","18.8"
"Prairie","MT","25.7"
"Ravalli","MT","28.4"
"Richland","MT","16.2"
"Roosevelt","MT","19.4"
"Rosebud","MT","19.3"
"Sanders","MT","19.0"
"Sheridan","MT","25.7"
"Silver Bow","MT","28.0"
"Stillwater","MT","28.0"
"Sweet Grass","MT","22.1"
"Teton","MT","25.2"
"Toole","MT","26.1"
"Treasure","MT","29.3"
"Valley","MT","19.1"
"Wheatland","MT","17.8"
"Wibaux","MT","24.2"
"Yellowstone","MT","33.7"
"Alamance","NC","26.3"
"Alexander","NC","14.9"
"Alleghany","NC","20.4"
"Anson","NC","11.8"
"Ashe","NC","19.6"
"Avery","NC","23.9"
"Beaufort","NC","20.4"
"Bertie","NC","15.0"
"Bladen","NC","17.7"
"Brunswick","NC","31.7"
"Buncombe","NC","42.3"
"Burke","NC","18.7"
"Cabarrus","NC","34.8"
"Caldwell","NC","16.6"
"Camden","NC","23.8"
"Carteret","NC","30.1"
"Caswell","NC","15.1"
"Catawba","NC","24.0"
"Chatham","NC","45.0"
"Cherokee","NC","22.5"
"Chowan","NC","22.6"
"Clay","NC","27.0"
"Cleveland","NC","18.9"
"Columbus","NC","14.1"
"Craven","NC","25.6"
"Cumberland","NC","25.9"
"Currituck","NC","26.1"
"Dare","NC","40.2"
"Davidson","NC","19.3"
"Davie","NC","26.2"
"Duplin","NC","15.6"
"Durham","NC","50.7"
"Edgecombe","NC","17.4"
"Forsyth","NC","34.5"
"Franklin","NC","22.6"
"Gaston","NC","23.3"
"Gates","NC","11.0"
"Graham","NC","13.5"
"Granville","NC","23.4"
"Greene","NC","10.8"
"Guilford","NC","37.2"
"Halifax","NC","14.8"
"Harnett","NC","23.0"
"Haywood","NC","27.7"
"Henderson","NC","33.0"
"Hertford","NC","16.3"
"Hoke","NC","19.8"
"Hyde","NC","11.1"
"Iredell","NC","31.6"
"Jackson","NC","28.8"
"Johnston","NC","24.6"
"Jones","NC","14.7"
"Lee","NC","20.8"
"Lenoir","NC","14.0"
"Lincoln","NC","24.3"
"Macon","NC","24.0"
"Madison","NC","31.7"
"Martin","NC","14.5"
"McDowell","NC","18.3"
"Mecklenburg","NC","46.9"
"Mitchell","NC","22.3"
"Montgomery","NC","16.5"
"Moore","NC","40.1"
"Nash","NC","21.8"
"New Hanover","NC","42.8"
"Northampton","NC","16.7"
"Onslow","NC","24.8"
"Orange","NC","61.3"
"Pamlico","NC","23.5"
"Pasquotank","NC","25.7"
"Pender","NC","29.0"
"Perquimans","NC","20.3"
"Person","NC","17.6"
"Pitt","NC","32.6"
"Polk","NC","33.8"
"Randolph","NC","16.1"
"Richmond","NC","17.5"
"Robeson","NC","14.2"
"Rockingham","NC","15.6"
"Rowan","NC","19.9"
"Rutherford","NC","19.3"
"Sampson","NC","14.7"
"Scotland","NC","15.3"
"Stanly","NC","17.9"
"Stokes","NC","14.0"
"Surry","NC","19.0"
"Swain","NC","21.4"
"Transylvania","NC","35.9"
"Tyrrell","NC","11.2"
"Union","NC","37.7"
"Vance","NC","17.1"
"Wake","NC","54.7"
"Warren","NC","15.2"
"Washington","NC","12.5"
"Watauga","NC","44.4"
"Wayne","NC","20.4"
"Wilkes","NC","16.7"
"Wilson","NC","19.7"
"Yadkin","NC","14.0"
"Yancey","NC","20.3"
"Adams","ND","19.1"
"Barnes","ND","29.3"
"Benson","ND","19.4"
"Billings","ND","26.7"
"Bottineau","ND","24.6"
"Bowman","ND","18.8"
"Burke","ND","21.8"
"Burleigh","ND","37.2"
"Cass","ND","41.8"
"Cavalier","ND","24.9"
"Dickey","ND","25.2"
"Divide","ND","23.4"
"Dunn","ND","19.6"
"Eddy","ND","24.6"
"Emmons","ND","18.0"
"Foster","ND","22.9"
"Golden Valley","ND","23.5"
"Grand Forks","ND","36.1"
"Grant","ND","21.0"
"Griggs","ND","29.9"
"Hettinger","ND","16.8"
"Kidder","ND","19.1"
"LaMoure","ND","23.3"
"Logan","ND","22.7"
"McHenry","ND","20.9"
"McIntosh","ND","16.2"
"McKenzie","ND","24.0"
"McLean","ND","21.4"
"Mercer","ND","21.1"
"Morton","ND","27.3"
"Mountrail","ND","21.4"
"Nelson","ND","24.6"
"Oliver","ND","20.6"
"Pembina","ND","21.6"
"Pierce","ND","28.9"
"Ramsey","ND","25.5"
"Ransom","ND","21.2"
"Renville","ND","23.3"
"Richland","ND","22.6"
"Rolette","ND","17.3"
"Sargent","ND","20.0"
"Sheridan","ND","13.9"
"Sioux","ND","13.6"
"Slope","ND","26.2"
"Stark","ND","25.9"
"Steele","ND","29.6"
"Stutsman","ND","23.9"
"Towner","ND","15.0"
"Traill","ND","30.4"
"Walsh","ND","18.1"
"Ward","ND","29.4"
"Wells","ND","21.9"
"Williams","ND","24.4"
"Adams","NE","25.8"
"Antelope","NE","18.4"
"Arthur","NE","28.1"
"Banner","NE","27.3"
"Blaine","NE","22.8"
"Boone","NE","19.5"
"Box Butte","NE","18.7"
"Boyd","NE","16.8"
"Brown","NE","22.5"
"Buffalo","NE","34.5"
"Burt","NE","23.1"
"Butler","NE","23.8"
"Cass","NE","29.8"
"Cedar","NE","21.7"
"Chase","NE","22.4"
"Cherry","NE","25.8"
"Cheyenne","NE","22.6"
"Clay","NE","20.0"
"Colfax","NE","15.1"
"Cuming","NE","23.6"
"Custer","NE","23.5"
"Dakota","NE","13.8"
"Dawes","NE","36.4"
"Dawson","NE","16.1"
"Deuel","NE","19.5"
"Dixon","NE","21.2"
"Dodge","NE","19.7"
"Douglas","NE","40.7"
"Dundy","NE","30.4"
"Fillmore","NE","22.2"
"Franklin","NE","16.5"
"Frontier","NE","24.5"
"Furnas","NE","21.0"
"Gage","NE","20.2"
"Garden","NE","26.5"
"Garfield","NE","29.4"
"Gosper","NE","31.0"
"Grant","NE","28.3"
"Greeley","NE","16.5"
"Hall","NE","21.7"
"Hamilton","NE","26.3"
"Harlan","NE","25.3"
"Hayes","NE","18.8"
"Hitchcock","NE","18.3"
"Holt","NE","26.3"
"Hooker","NE","26.4"
"Howard","NE","20.2"
"Jefferson","NE","16.9"
"Johnson","NE","18.7"
"Kearney","NE","26.9"
"Keith","NE","20.2"
"Keya Paha","NE","27.8"
"Kimball","NE","12.7"
"Knox","NE","18.8"
"Lancaster","NE","40.1"
"Lincoln","NE","21.3"
"Logan","NE","26.4"
"Loup","NE","18.0"
"Madison","NE","24.3"
"McPherson","NE","23.9"
"Merrick","NE","16.3"
"Morrill","NE","19.6"
"Nance","NE","18.0"
"Nemaha","NE","29.4"
"Nuckolls","NE","22.7"
"Otoe","NE","26.4"
"Pawnee","NE","16.0"
"Perkins","NE","24.2"
"Phelps","NE","25.8"
"Pierce","NE","22.7"
"Platte","NE","23.5"
"Polk","NE","18.1"
"Red Willow","NE","23.6"
"Richardson","NE","19.4"
"Rock","NE","29.6"
"Saline","NE","18.2"
"Sarpy","NE","41.1"
"Saunders","NE","29.1"
"Scotts Bluff","NE","25.0"
"Seward","NE","30.5"
"Sheridan","NE","20.1"
"Sherman","NE","20.5"
"Sioux","NE","25.5"
"Stanton","NE","20.5"
"Thayer","NE","22.7"
"Thomas","NE","24.5"
"Thurston","NE","18.9"
"Valley","NE","26.3"
"Washington","NE","33.7"
"Wayne","NE","33.4"
"Webster","NE","19.6"
"Wheeler","NE","25.8"
"York","NE","25.2"
"Belknap","NH","31.2"
"Carroll","NH","37.4"
"Cheshire","NH","33.1"
"Coos","NH","20.0"
"Grafton","NH","42.6"
"Hillsborough","NH","39.6"
"Merrimack","NH","35.8"
"Rockingham","NH","42.8"
"Strafford","NH","36.9"
"Sullivan","NH","29.6"
"Atlantic","NJ","29.4"
"Bergen","NJ","51.2"
"Burlington","NJ","40.0"
"Camden","NJ","33.6"
"Cape May","NJ","35.0"
"Cumberland","NJ","17.0"
"Essex","NJ","36.7"
"Gloucester","NJ","34.5"
"Hudson","NJ","45.7"
"Hunterdon","NJ","54.3"
"Mercer","NJ","43.6"
"Middlesex","NJ","44.8"
"Monmouth","NJ","48.5"
"Morris","NJ","55.8"
"Ocean","NJ","32.2"
"Passaic","NJ","29.8"
"Salem","NJ","23.3"
"Somerset","NJ","56.1"
"Sussex","NJ","38.1"
"Union","NJ","37.6"
"Warren","NJ","34.5"
"Bernalillo","NM","36.3"
"Catron","NM","16.9"
"Chaves","NM","16.9"
"Cibola","NM","15.6"
"Colfax","NM","21.8"
"Curry","NM","21.3"
"De Baca","NM","10.7"
"Do\u00F1a Ana","NM","30.0"
"Eddy","NM","16.9"
"Grant","NM","26.7"
"Guadalupe","NM","8.5"
"Harding","NM","25.1"
"Hidalgo","NM","18.0"
"Lea","NM","14.8"
"Lincoln","NM","24.4"
"Los Alamos","NM","68.5"
"Luna","NM","12.0"
"McKinley","NM","12.2"
"Mora","NM","17.1"
"Otero","NM","20.1"
"Quay","NM","15.5"
"Rio Arriba","NM","17.7"
"Roosevelt","NM","21.8"
"San Juan","NM","14.9"
"San Miguel","NM","23.9"
"Sandoval","NM","31.0"
"Santa Fe","NM","41.1"
"Sierra","NM","19.8"
"Socorro","NM","18.2"
"Taos","NM","32.5"
"Torrance","NM","15.2"
"Union","NM","16.2"
"Valencia","NM","19.4"
"Carson City","NV","23.1"
"Churchill","NV","18.9"
"Clark","NV","25.8"
"Douglas","NV","31.8"
"Elko","NV","16.3"
"Esmeralda","NV","19.1"
"Eureka","NV","11.1"
"Humboldt","NV","19.6"
"Lander","NV","8.2"
"Lincoln","NV","15.2"
"Lyon","NV","15.9"
"Mineral","NV","13.8"
"Nye","NV","12.7"
"Pershing","NV","10.4"
"Storey","NV","28.3"
"Washoe","NV","32.3"
"White Pine","NV","13.4"
"Albany","NY","44.3"
"Allegany","NY","22.4"
"Bronx","NY","20.9"
"Broome","NY","28.9"
"Cattaraugus","NY","20.0"
"Cayuga","NY","22.2"
"Chautauqua","NY","23.3"
"Chemung","NY","23.9"
"Chenango","NY","18.3"
"Clinton","NY","25.4"
"Columbia","NY","34.9"
"Cortland","NY","28.1"
"Delaware","NY","23.0"
"Dutchess","NY","37.7"
"Erie","NY","35.9"
"Essex","NY","30.5"
"Franklin","NY","21.6"
"Fulton","NY","18.2"
"Genesee","NY","22.0"
"Greene","NY","25.6"
"Hamilton","NY","20.5"
"Herkimer","NY","21.4"
"Jefferson","NY","24.3"
"Kings","NY","39.5"
"Lewis","NY","18.8"
"Livingston","NY","28.9"
"Madison","NY","26.2"
"Monroe","NY","40.0"
"Montgomery","NY","19.2"
"Nassau","NY","47.5"
"New York","NY","62.6"
"Niagara","NY","26.3"
"Oneida","NY","26.2"
"Onondaga","NY","36.5"
"Ontario","NY","37.5"
"Orange","NY","31.4"
"Orleans","NY","17.2"
"Oswego","NY","20.8"
"Otsego","NY","33.3"
"Putnam","NY","41.5"
"Queens","NY","33.9"
"Rensselaer","NY","34.3"
"Richmond","NY","34.9"
"Rockland","NY","42.0"
"Saratoga","NY","42.7"
"Schenectady","NY","33.3"
"Schoharie","NY","23.2"
"Schuyler","NY","24.3"
"Seneca","NY","21.5"
"St. Lawrence","NY","23.6"
"Steuben","NY","25.5"
"Suffolk","NY","38.3"
"Sullivan","NY","27.0"
"Tioga","NY","25.8"
"Tompkins","NY","55.3"
"Ulster","NY","34.5"
"Warren","NY","33.1"
"Washington","NY","20.6"
"Wayne","NY","24.4"
"Westchester","NY","50.6"
"Wyoming","NY","18.1"
"Yates","NY","24.5"
"Adams","OH","16.0"
"Allen","OH","19.1"
"Ashland","OH","22.2"
"Ashtabula","OH","15.1"
"Athens","OH","34.1"
"Auglaize","OH","20.1"
"Belmont","OH","16.0"
"Brown","OH","14.6"
"Butler","OH","31.8"
"Carroll","OH","14.1"
"Champaign","OH","16.7"
"Clark","OH","18.9"
"Clermont","OH","29.5"
"Clinton","OH","20.1"
"Columbiana","OH","15.7"
"Coshocton","OH","17.1"
"Crawford","OH","15.7"
"Cuyahoga","OH","34.4"
"Darke","OH","16.7"
"Defiance","OH","19.2"
"Delaware","OH","57.1"
"Erie","OH","25.2"
"Fairfield","OH","30.2"
"Fayette","OH","14.7"
"Franklin","OH","41.2"
"Fulton","OH","17.6"
"Gallia","OH","17.2"
"Geauga","OH","38.4"
"Greene","OH","41.1"
"Guernsey","OH","14.8"
"Hamilton","OH","39.6"
"Hancock","OH","28.0"
"Hardin","OH","16.4"
"Harrison","OH","12.2"
"Henry","OH","17.7"
"Highland","OH","14.1"
"Hocking","OH","14.8"
"Holmes","OH","10.5"
"Huron","OH","15.0"
"Jackson","OH","15.1"
"Jefferson","OH","18.3"
"Knox","OH","22.7"
"Lake","OH","28.9"
"Lawrence","OH","16.9"
"Licking","OH","28.6"
"Logan","OH","17.9"
"Lorain","OH","26.0"
"Lucas","OH","27.5"
"Madison","OH","20.0"
"Mahoning","OH","24.9"
"Marion","OH","13.1"
"Medina","OH","35.0"
"Meigs","OH","12.4"
"Mercer","OH","20.4"
"Miami","OH","24.3"
"Monroe","OH","12.6"
"Montgomery","OH","29.2"
"Morgan","OH","10.9"
"Morrow","OH","15.0"
"Muskingum","OH","18.2"
"Noble","OH","12.1"
"Ottawa","OH","26.0"
"Paulding","OH","16.2"
"Perry","OH","13.4"
"Pickaway","OH","19.6"
"Pike","OH","14.7"
"Portage","OH","30.1"
"Preble","OH","18.4"
"Putnam","OH","24.8"
"Richland","OH","17.8"
"Ross","OH","16.9"
"Sandusky","OH","18.1"
"Scioto","OH","16.4"
"Seneca","OH","17.9"
"Shelby","OH","19.1"
"Stark","OH","23.6"
"Summit","OH","33.9"
"Trumbull","OH","19.3"
"Tuscarawas","OH","18.4"
"Union","OH","37.8"
"Van Wert","OH","16.7"
"Vinton","OH","13.1"
"Warren","OH","44.1"
"Washington","OH","19.8"
"Wayne","OH","23.4"
"Williams","OH","14.6"
"Wood","OH","36.3"
"Wyandot","OH","19.4"
"Adair","OK","10.6"
"Alfalfa","OK","21.0"
"Atoka","OK","14.7"
"Beaver","OK","21.5"
"Beckham","OK","14.7"
"Blaine","OK","16.9"
"Bryan","OK","23.7"
"Caddo","OK","14.8"
"Canadian","OK","31.4"
"Carter","OK","20.1"
"Cherokee","OK","27.0"
"Choctaw","OK","14.2"
"Cimarron","OK","29.0"
"Cleveland","OK","34.7"
"Coal","OK","17.5"
"Comanche","OK","23.9"
"Cotton","OK","16.7"
"Craig","OK","14.6"
"Creek","OK","17.1"
"Custer","OK","29.6"
"Delaware","OK","18.2"
"Dewey","OK","20.0"
"Ellis","OK","18.4"
"Garfield","OK","23.4"
"Garvin","OK","16.7"
"Grady","OK","22.2"
"Grant","OK","23.7"
"Greer","OK","10.6"
"Harmon","OK","15.9"
"Harper","OK","22.4"
"Haskell","OK","15.8"
"Hughes","OK","15.3"
"Jackson","OK","24.5"
"Jefferson","OK","15.2"
"Johnston","OK","23.0"
"Kay","OK","17.6"
"Kingfisher","OK","22.5"
"Kiowa","OK","18.6"
"Latimer","OK","12.9"
"Le Flore","OK","15.3"
"Lincoln","OK","15.0"
"Logan","OK","30.3"
"Love","OK","15.0"
"Major","OK","18.6"
"Marshall","OK","15.8"
"Mayes","OK","14.8"
"McClain","OK","26.1"
"McCurtain","OK","14.6"
"McIntosh","OK","12.7"
"Murray","OK","17.8"
"Muskogee","OK","20.0"
"Noble","OK","21.4"
"Nowata","OK","16.0"
"Okfuskee","OK","10.7"
"Oklahoma","OK","33.7"
"Okmulgee","OK","15.1"
"Osage","OK","19.0"
"Ottawa","OK","15.4"
"Pawnee","OK","17.4"
"Payne","OK","38.3"
"Pittsburg","OK","18.7"
"Pontotoc","OK","29.3"
"Pottawatomie","OK","20.4"
"Pushmataha","OK","15.1"
"Roger Mills","OK","20.0"
"Rogers","OK","25.0"
"Seminole","OK","14.2"
"Sequoyah","OK","14.3"
"Stephens","OK","18.1"
"Texas","OK","26.0"
"Tillman","OK","17.6"
"Tulsa","OK","32.7"
"Wagoner","OK","25.3"
"Washington","OK","29.3"
"Washita","OK","19.2"
"Woods","OK","32.3"
"Woodward","OK","19.6"
"Baker","OR","24.2"
"Benton","OR","53.4"
"Clackamas","OR","38.9"
"Clatsop","OR","25.8"
"Columbia","OR","18.0"
"Coos","OR","20.0"
"Crook","OR","20.4"
"Curry","OR","24.1"
"Deschutes","OR","38.7"
"Douglas","OR","18.8"
"Gilliam","OR","22.2"
"Grant","OR","17.4"
"Harney","OR","15.4"
"Hood River","OR","38.4"
"Jackson","OR","30.0"
"Jefferson","OR","20.9"
"Josephine","OR","18.1"
"Klamath","OR","21.1"
"Lake","OR","19.0"
"Lane","OR","32.5"
"Lincoln","OR","28.6"
"Linn","OR","19.8"
"Malheur","OR","14.1"
"Marion","OR","24.5"
"Morrow","OR","10.4"
"Multnomah","OR","47.2"
"Polk","OR","30.8"
"Sherman","OR","18.0"
"Tillamook","OR","22.4"
"Umatilla","OR","18.2"
"Union","OR","24.2"
"Wallowa","OR","27.6"
"Wasco","OR","21.0"
"Washington","OR","45.6"
"Wheeler","OR","19.6"
"Yamhill","OR","28.4"
"Adams","PA","24.0"
"Allegheny","PA","43.3"
"Armstrong","PA","18.5"
"Beaver","PA","25.9"
"Bedford","PA","15.8"
"Berks","PA","25.9"
"Blair","PA","23.2"
"Bradford","PA","19.5"
"Bucks","PA","42.9"
"Butler","PA","38.2"
"Cambria","PA","22.4"
"Cameron","PA","10.6"
"Carbon","PA","17.7"
"Centre","PA","45.9"
"Chester","PA","55.2"
"Clarion","PA","22.1"
"Clearfield","PA","18.4"
"Clinton","PA","19.3"
"Columbia","PA","24.8"
"Crawford","PA","20.2"
"Cumberland","PA","38.2"
"Dauphin","PA","32.3"
"Delaware","PA","40.5"
"Elk","PA","18.8"
"Erie","PA","28.8"
"Fayette","PA","17.9"
"Forest","PA","11.2"
"Franklin","PA","23.0"
"Fulton","PA","15.7"
"Greene","PA","18.0"
"Huntingdon","PA","17.5"
"Indiana","PA","25.7"
"Jefferson","PA","16.4"
"Juniata","PA","14.5"
"Lackawanna","PA","29.4"
"Lancaster","PA","29.7"
"Lawrence","PA","21.5"
"Lebanon","PA","22.1"
"Lehigh","PA","31.5"
"Luzerne","PA","24.0"
"Lycoming","PA","24.3"
"McKean","PA","19.5"
"Mercer","PA","23.1"
"Mifflin","PA","13.3"
"Monroe","PA","26.1"
"Montgomery","PA","50.7"
"Montour","PA","35.6"
"Northampton","PA","32.8"
"Northumberland","PA","17.8"
"Perry","PA","17.9"
"Philadelphia","PA","32.5"
"Pike","PA","26.8"
"Potter","PA","16.3"
"Schuylkill","PA","17.8"
"Snyder","PA","21.6"
"Somerset","PA","16.9"
"Sullivan","PA","17.9"
"Susquehanna","PA","19.4"
"Tioga","PA","20.7"
"Union","PA","26.1"
"Venango","PA","19.4"
"Warren","PA","19.5"
"Washington","PA","31.7"
"Wayne","PA","19.6"
"Westmoreland","PA","30.8"
"Wyoming","PA","20.9"
"York","PA","25.8"
"Bristol","RI","49.5"
"Kent","RI","32.9"
"Newport","RI","50.7"
"Providence","RI","30.6"
"Washington","RI","46.1"
"Abbeville","SC","18.2"
"Aiken","SC","28.8"
"Allendale","SC","10.4"
"Anderson","SC","24.7"
"Bamberg","SC","17.5"
"Barnwell","SC","14.0"
"Beaufort","SC","42.4"
"Berkeley","SC","27.3"
"Calhoun","SC","18.1"
"Charleston","SC","46.7"
"Cherokee","SC","14.6"
"Chester","SC","13.0"
"Chesterfield","SC","12.6"
"Clarendon","SC","15.6"
"Colleton","SC","16.2"
"Darlington","SC","18.6"
"Dillon","SC","12.2"
"Dorchester","SC","29.5"
"Edgefield","SC","19.4"
"Fairfield","SC","15.7"
"Florence","SC","24.3"
"Georgetown","SC","30.7"
"Greenville","SC","37.9"
"Greenwood","SC","24.2"
"Hampton","SC","11.0"
"Horry","SC","24.5"
"Jasper","SC","23.5"
"Kershaw","SC","21.2"
"Lancaster","SC","30.0"
"Laurens","SC","17.2"
"Lee","SC","15.9"
"Lexington","SC","31.5"
"Marion","SC","12.3"
"Marlboro","SC","8.0"
"McCormick","SC","20.7"
"Newberry","SC","21.0"
"Oconee","SC","27.9"
"Orangeburg","SC","19.0"
"Pickens","SC","27.1"
"Richland","SC","39.7"
"Saluda","SC","19.3"
"Spartanburg","SC","24.9"
"Sumter","SC","22.4"
"Union","SC","13.6"
"Williamsburg","SC","15.6"
"York","SC","35.9"
"Aurora","SD","18.3"
"Beadle","SD","23.9"
"Bennett","SD","20.2"
"Bon Homme","SD","22.8"
"Brookings","SD","43.0"
"Brown","SD","32.4"
"Brule","SD","24.6"
"Buffalo","SD","6.9"
"Butte","SD","20.3"
"Campbell","SD","27.2"
"Charles Mix","SD","22.4"
"Clark","SD","19.2"
"Clay","SD","45.9"
"Codington","SD","20.3"
"Corson","SD","15.5"
"Custer","SD","26.7"
"Davison","SD","22.8"
"Day","SD","21.2"
"Deuel","SD","23.2"
"Dewey","SD","17.1"
"Douglas","SD","19.8"
"Edmunds","SD","24.6"
"Fall River","SD","22.1"
"Faulk","SD","25.3"
"Grant","SD","24.7"
"Gregory","SD","19.1"
"Haakon","SD","16.0"
"Hamlin","SD","21.2"
"Hand","SD","25.0"
"Hanson","SD","18.2"
"Harding","SD","23.1"
"Hughes","SD","34.5"
"Hutchinson","SD","25.3"
"Hyde","SD","16.7"
"Jackson","SD","14.2"
"Jerauld","SD","19.4"
"Jones","SD","38.6"
"Kingsbury","SD","24.0"
"Lake","SD","33.0"
"Lawrence","SD","34.5"
"Lincoln","SD","41.3"
"Lyman","SD","25.8"
"Marshall","SD","28.1"
"McCook","SD","25.7"
"McPherson","SD","21.6"
"Meade","SD","27.9"
"Mellette","SD","14.6"
"Miner","SD","17.3"
"Minnehaha","SD","33.5"
"Moody","SD","26.7"
"Oglala Lakota","SD","10.4"
"Pennington","SD","33.2"
"Perkins","SD","20.9"
"Potter","SD","24.4"
"Roberts","SD","16.1"
"Sanborn","SD","17.2"
"Spink","SD","26.4"
"Stanley","SD","29.0"
"Sully","SD","20.8"
"Todd","SD","13.3"
"Tripp","SD","19.2"
"Turner","SD","25.9"
"Union","SD","34.4"
"Walworth","SD","25.1"
"Yankton","SD","26.5"
"Ziebach","SD","14.6"
"Anderson","TN","24.4"
"Bedford","TN","18.0"
"Benton","TN","12.1"
"Bledsoe","TN","11.1"
"Blount","TN","25.4"
"Bradley","TN","22.9"
"Campbell","TN","13.2"
"Cannon","TN","15.0"
"Carroll","TN","20.3"
"Carter","TN","19.5"
"Cheatham","TN","22.0"
"Chester","TN","17.0"
"Claiborne","TN","18.3"
"Clay","TN","13.1"
"Cocke","TN","12.3"
"Coffee","TN","22.8"
"Crockett","TN","15.5"
"Cumberland","TN","17.3"
"Davidson","TN","44.4"
"DeKalb","TN","19.5"
"Decatur","TN","15.8"
"Dickson","TN","18.5"
"Dyer","TN","20.2"
"Fayette","TN","23.6"
"Fentress","TN","16.0"
"Franklin","TN","21.7"
"Gibson","TN","18.2"
"Giles","TN","18.3"
"Grainger","TN","14.0"
"Greene","TN","17.0"
"Grundy","TN","14.8"
"Hamblen","TN","18.0"
"Hamilton","TN","34.1"
"Hancock","TN","11.1"
"Hardeman","TN","11.4"
"Hardin","TN","16.2"
"Hawkins","TN","16.2"
"Haywood","TN","11.8"
"Henderson","TN","13.6"
"Henry","TN","18.1"
"Hickman","TN","10.1"
"Houston","TN","13.2"
"Humphreys","TN","15.8"
"Jackson","TN","13.2"
"Jefferson","TN","19.2"
"Johnson","TN","13.6"
"Knox","TN","38.8"
"Lake","TN","11.5"
"Lauderdale","TN","9.2"
"Lawrence","TN","15.9"
"Lewis","TN","9.9"
"Lincoln","TN","19.2"
"Loudon","TN","28.2"
"Macon","TN","8.9"
"Madison","TN","27.0"
"Marion","TN","14.0"
"Marshall","TN","17.7"
"Maury","TN","25.4"
"McMinn","TN","17.9"
"McNairy","TN","12.0"
"Meigs","TN","10.8"
"Monroe","TN","15.3"
"Montgomery","TN","29.9"
"Moore","TN","23.0"
"Morgan","TN","11.2"
"Obion","TN","15.4"
"Overton","TN","12.9"
"Perry","TN","9.1"
"Pickett","TN","15.9"
"Polk","TN","14.2"
"Putnam","TN","26.6"
"Rhea","TN","17.7"
"Roane","TN","21.2"
"Robertson","TN","20.1"
"Rutherford","TN","33.5"
"Scott","TN","9.7"
"Sequatchie","TN","15.9"
"Sevier","TN","18.8"
"Shelby","TN","33.3"
"Smith","TN","17.3"
"Stewart","TN","20.2"
"Sullivan","TN","25.7"
"Sumner","TN","29.8"
"Tipton","TN","18.7"
"Trousdale","TN","9.5"
"Unicoi","TN","16.0"
"Union","TN","11.8"
"Van Buren","TN","10.0"
"Warren","TN","14.3"
"Washington","TN","33.1"
"Wayne","TN","11.4"
"Weakley","TN","21.3"
"White","TN","13.4"
"Williamson","TN","61.9"
"Wilson","TN","35.9"
"Anderson","TX","12.0"
"Andrews","TX","18.8"
"Angelina","TX","18.0"
"Aransas","TX","24.8"
"Archer","TX","22.5"
"Armstrong","TX","26.7"
"Atascosa","TX","14.8"
"Austin","TX","23.9"
"Bailey","TX","15.0"
"Bandera","TX","27.5"
"Bastrop","TX","23.1"
"Baylor","TX","19.7"
"Bee","TX","11.9"
"Bell","TX","26.6"
"Bexar","TX","30.0"
"Blanco","TX","25.7"
"Borden","TX","38.0"
"Bosque","TX","18.4"
"Bowie","TX","22.9"
"Brazoria","TX","31.3"
"Brazos","TX","42.2"
"Brewster","TX","46.0"
"Briscoe","TX","15.6"
"Brooks","TX","18.0"
"Brown","TX","19.4"
"Burleson","TX","21.1"
"Burnet","TX","27.8"
"Caldwell","TX","16.0"
"Calhoun","TX","17.4"
"Callahan","TX","22.4"
"Cameron","TX","19.0"
"Camp","TX","22.8"
"Carson","TX","26.1"
"Cass","TX","17.3"
"Castro","TX","21.8"
"Chambers","TX","23.9"
"Cherokee","TX","17.4"
"Childress","TX","18.9"
"Clay","TX","23.1"
"Cochran","TX","9.7"
"Coke","TX","20.4"
"Coleman","TX","19.0"
"Collin","TX","53.4"
"Collingsworth","TX","23.6"
"Colorado","TX","20.7"
"Comal","TX","39.6"
"Comanche","TX","19.3"
"Concho","TX","12.8"
"Cooke","TX","22.0"
"Coryell","TX","17.3"
"Cottle","TX","19.6"
"Crane","TX","14.3"
"Crockett","TX","16.2"
"Crosby","TX","14.5"
"Culberson","TX","17.2"
"Dallam","TX","15.7"
"Dallas","TX","33.0"
"Dawson","TX","13.7"
"DeWitt","TX","12.6"
"Deaf Smith","TX","11.4"
"Delta","TX","22.3"
"Denton","TX","47.3"
"Dickens","TX","20.2"
"Dimmit","TX","13.0"
"Donley","TX","15.7"
"Duval","TX","8.8"
"Eastland","TX","21.4"
"Ector","TX","16.3"
"Edwards","TX","21.0"
"El Paso","TX","24.7"
"Ellis","TX","26.3"
"Erath","TX","30.9"
"Falls","TX","12.7"
"Fannin","TX","18.6"
"Fayette","TX","23.0"
"Fisher","TX","19.6"
"Floyd","TX","14.9"
"Foard","TX","17.0"
"Fort Bend","TX","48.1"
"Franklin","TX","29.2"
"Freestone","TX","16.0"
"Frio","TX","8.9"
"Gaines","TX","10.7"
"Galveston","TX","33.2"
"Garza","TX","11.6"
"Gillespie","TX","35.2"
"Glasscock","TX","30.8"
"Goliad","TX","18.1"
"Gonzales","TX","13.6"
"Gray","TX","14.6"
"Grayson","TX","21.8"
"Gregg","TX","21.2"
"Grimes","TX","17.6"
"Guadalupe","TX","28.7"
"Hale","TX","16.7"
"Hall","TX","19.3"
"Hamilton","TX","21.6"
"Hansford","TX","23.7"
"Hardeman","TX","15.8"
"Hardin","TX","18.7"
"Harris","TX","32.5"
"Harrison","TX","21.1"
"Hartley","TX","23.1"
"Haskell","TX","17.7"
"Hays","TX","38.7"
"Hemphill","TX","21.7"
"Henderson","TX","18.2"
"Hidalgo","TX","19.5"
"Hill","TX","17.3"
"Hockley","TX","17.0"
"Hood","TX","30.4"
"Hopkins","TX","21.0"
"Houston","TX","14.3"
"Howard","TX","13.7"
"Hudspeth","TX","8.4"
"Hunt","TX","21.3"
"Hutchinson","TX","16.6"
"Irion","TX","18.3"
"Jack","TX","14.8"
"Jackson","TX","15.5"
"Jasper","TX","13.1"
"Jeff Davis","TX","27.2"
"Jefferson","TX","19.1"
"Jim Hogg","TX","13.2"
"Jim Wells","TX","15.6"
"Johnson","TX","20.5"
"Jones","TX","12.1"
"Karnes","TX","15.9"
"Kaufman","TX","22.2"
"Kendall","TX","47.5"
"Kenedy","TX","3.9"
"Kent","TX","32.8"
"Kerr","TX","29.1"
"Kimble","TX","28.1"
"King","TX","25.3"
"Kinney","TX","16.7"
"Kleberg","TX","23.0"
"Knox","TX","14.9"
"La Salle","TX","7.7"
"Lamar","TX","19.5"
"Lamb","TX","12.6"
"Lampasas","TX","18.2"
"Lavaca","TX","17.9"
"Lee","TX","14.3"
"Leon","TX","17.2"
"Liberty","TX","9.9"
"Limestone","TX","15.7"
"Lipscomb","TX","25.5"
"Live Oak","TX","12.8"
"Llano","TX","30.8"
"Loving","TX","0.0"
"Lubbock","TX","32.1"
"Lynn","TX","23.1"
"Madison","TX","11.8"
"Marion","TX","15.3"
"Martin","TX","21.0"
"Mason","TX","34.9"
"Matagorda","TX","19.8"
"Maverick","TX","16.0"
"McCulloch","TX","14.0"
"McLennan","TX","26.3"
"McMullen","TX","15.4"
"Medina","TX","22.6"
"Menard","TX","27.2"
"Midland","TX","28.8"
"Milam","TX","16.2"
"Mills","TX","24.7"
"Mitchell","TX","9.9"
"Montague","TX","17.5"
"Montgomery","TX","36.4"
"Moore","TX","12.9"
"Morris","TX","12.9"
"Motley","TX","21.6"
"Nacogdoches","TX","24.7"
"Navarro","TX","16.6"
"Newton","TX","8.3"
"Nolan","TX","16.3"
"Nueces","TX","21.9"
"Ochiltree","TX","18.8"
"Oldham","TX","23.8"
"Orange","TX","16.8"
"Palo Pinto","TX","17.5"
"Panola","TX","13.5"
"Parker","TX","28.9"
"Parmer","TX","18.0"
"Pecos","TX","11.5"
"Polk","TX","13.1"
"Potter","TX","15.8"
"Presidio","TX","17.8"
"Rains","TX","18.8"
"Randall","TX","32.2"
"Reagan","TX","13.7"
"Real","TX","16.0"
"Red River","TX","14.7"
"Reeves","TX","9.5"
"Refugio","TX","10.4"
"Roberts","TX","25.9"
"Robertson","TX","17.8"
"Rockwall","TX","43.8"
"Runnels","TX","17.6"
"Rusk","TX","16.0"
"Sabine","TX","18.5"
"San Augustine","TX","12.1"
"San Jacinto","TX","14.3"
"San Patricio","TX","16.6"
"San Saba","TX","17.0"
"Schleicher","TX","16.8"
"Scurry","TX","15.8"
"Shackelford","TX","32.8"
"Shelby","TX","14.2"
"Sherman","TX","20.2"
"Smith","TX","28.0"
"Somervell","TX","28.2"
"Starr","TX","12.3"
"Stephens","TX","18.6"
"Sterling","TX","18.8"
"Stonewall","TX","14.7"
"Sutton","TX","19.2"
"Swisher","TX","16.3"
"Tarrant","TX","33.4"
"Taylor","TX","27.9"
"Terrell","TX","20.6"
"Terry","TX","11.7"
"Throckmorton","TX","23.2"
"Titus","TX","16.9"
"Tom Green","TX","25.1"
"Travis","TX","52.7"
"Trinity","TX","13.4"
"Tyler","TX","14.8"
"Upshur","TX","17.3"
"Upton","TX","11.9"
"Uvalde","TX","18.4"
"Val Verde","TX","19.6"
"Van Zandt","TX","17.7"
"Victoria","TX","19.4"
"Walker","TX","20.1"
"Waller","TX","25.2"
"Ward","TX","10.9"
"Washington","TX","28.1"
"Webb","TX","19.4"
"Wharton","TX","18.6"
"Wheeler","TX","17.4"
"Wichita","TX","23.1"
"Wilbarger","TX","15.3"
"Willacy","TX","9.6"
"Williamson","TX","44.8"
"Wilson","TX","24.0"
"Winkler","TX","10.2"
"Wise","TX","18.7"
"Wood","TX","20.4"
"Yoakum","TX","10.8"
"Young","TX","25.7"
"Zapata","TX","11.9"
"Zavala","TX","14.8"
"Beaver","UT","26.8"
"Box Elder","UT","24.4"
"Cache","UT","39.0"
"Carbon","UT","16.7"
"Daggett","UT","19.3"
"Davis","UT","38.0"
"Duchesne","UT","14.5"
"Emery","UT","15.1"
"Garfield","UT","25.2"
"Grand","UT","26.9"
"Iron","UT","29.2"
"Juab","UT","21.1"
"Kane","UT","30.1"
"Millard","UT","23.5"
"Morgan","UT","39.7"
"Piute","UT","20.3"
"Rich","UT","23.4"
"Salt Lake","UT","37.1"
"San Juan","UT","20.6"
"Sanpete","UT","23.0"
"Sevier","UT","21.8"
"Summit","UT","55.2"
"Tooele","UT","23.0"
"Uintah","UT","17.3"
"Utah","UT","42.3"
"Wasatch","UT","44.2"
"Washington","UT","30.5"
"Wayne","UT","21.8"
"Weber","UT","26.3"
"Accomack","VA","21.0"
"Albemarle","VA","58.9"
"Alexandria city","VA","65.2"
"Alleghany","VA","15.3"
"Amelia","VA","17.7"
"Amherst","VA","21.8"
"Appomattox","VA","19.5"
"Arlington","VA","76.3"
"Augusta","VA","22.6"
"Bath","VA","18.6"
"Bedford","VA","31.0"
"Bland","VA","13.3"
"Botetourt","VA","27.4"
"Bristol city","VA","23.4"
"Brunswick","VA","16.1"
"Buchanan","VA","11.3"
"Buckingham","VA","11.8"
"Buena Vista city","VA","19.5"
"Campbell","VA","24.0"
"Caroline","VA","22.0"
"Carroll","VA","15.2"
"Charles City","VA","15.6"
"Charlotte","VA","15.1"
"Charlottesville city","VA","58.0"
"Chesapeake city","VA","35.5"
"Chesterfield","VA","41.4"
"Clarke","VA","35.2"
"Colonial Heights city","VA","25.9"
"Covington city","VA","13.8"
"Craig","VA","20.7"
"Culpeper","VA","26.5"
"Cumberland","VA","17.3"
"Danville city","VA","18.1"
"Dickenson","VA","10.4"
"Dinwiddie","VA","17.6"
"Emporia city","VA","12.3"
"Essex","VA","15.9"
"Fairfax","VA","63.5"
"Fairfax city","VA","61.4"
"Falls Church city","VA","78.7"
"Fauquier","VA","37.7"
"Floyd","VA","21.1"
"Fluvanna","VA","36.3"
"Franklin","VA","22.6"
"Franklin city","VA","21.0"
"Frederick","VA","27.6"
"Fredericksburg city","VA","42.7"
"Galax city","VA","17.9"
"Giles","VA","18.5"
"Gloucester","VA","25.3"
"Goochland","VA","46.1"
"Grayson","VA","15.6"
"Greene","VA","28.6"
"Greensville","VA","10.9"
"Halifax","VA","16.4"
"Hampton city","VA","27.3"
"Hanover","VA","40.5"
"Harrisonburg city","VA","34.5"
"Henrico","VA","44.9"
"Henry","VA","15.1"
"Highland","VA","28.1"
"Hopewell city","VA","11.4"
"Isle of Wight","VA","29.1"
"James City","VA","50.5"
"King George","VA","34.9"
"King William","VA","24.9"
"King and Queen","VA","21.3"
"Lancaster","VA","33.3"
"Lee","VA","10.8"
"Lexington city","VA","60.5"
"Loudoun","VA","63.0"
"Louisa","VA","25.8"
"Lunenburg","VA","11.8"
"Lynchburg city","VA","38.3"
"Madison","VA","24.7"
"Manassas Park city","VA","25.6"
"Manassas city","VA","32.1"
"Martinsville city","VA","22.1"
"Mathews","VA","29.9"
"Mecklenburg","VA","22.3"
"Middlesex","VA","27.1"
"Montgomery","VA","45.9"
"Nelson","VA","30.3"
"New Kent","VA","32.8"
"Newport News city","VA","28.1"
"Norfolk city","VA","31.8"
"Northampton","VA","28.1"
"Northumberland","VA","33.9"
"Norton city","VA","21.9"
"Nottoway","VA","16.3"
"Orange","VA","26.1"
"Page","VA","14.6"
"Patrick","VA","16.4"
"Petersburg city","VA","22.0"
"Pittsylvania","VA","14.2"
"Poquoson city","VA","40.9"
"Portsmouth city","VA","21.0"
"Powhatan","VA","31.1"
"Prince Edward","VA","25.0"
"Prince George","VA","24.4"
"Prince William","VA","42.7"
"Pulaski","VA","19.6"
"Radford city","VA","40.4"
"Rappahannock","VA","31.8"
"Richmond","VA","17.5"
"Richmond city","VA","43.1"
"Roanoke","VA","37.4"
"Roanoke city","VA","26.8"
"Rockbridge","VA","28.2"
"Rockingham","VA","27.7"
"Russell","VA","12.2"
"Salem city","VA","32.2"
"Scott","VA","14.0"
"Shenandoah","VA","20.4"
"Smyth","VA","16.0"
"Southampton","VA","19.3"
"Spotsylvania","VA","33.5"
"Stafford","VA","42.3"
"Staunton city","VA","30.3"
"Suffolk city","VA","31.0"
"Surry","VA","22.6"
"Sussex","VA","13.2"
"Tazewell","VA","16.2"
"Virginia Beach city","VA","38.6"
"Warren","VA","22.5"
"Washington","VA","24.7"
"Waynesboro city","VA","27.9"
"Westmoreland","VA","16.5"
"Williamsburg city","VA","50.4"
"Winchester city","VA","33.7"
"Wise","VA","14.6"
"Wythe","VA","19.6"
"York","VA","48.5"
"Addison","VT","42.3"
"Bennington","VT","38.5"
"Caledonia","VT","30.9"
"Chittenden","VT","54.1"
"Essex","VT","19.9"
"Franklin","VT","27.3"
"Grand Isle","VT","42.4"
"Lamoille","VT","42.5"
"Orange","VT","34.2"
"Orleans","VT","27.3"
"Rutland","VT","32.1"
"Washington","VT","44.0"
"Windham","VT","40.9"
"Windsor","VT","40.2"
"Adams","WA","13.7"
"Asotin","WA","23.7"
"Benton","WA","32.1"
"Chelan","WA","28.6"
"Clallam","WA","30.0"
"Clark","WA","32.0"
"Columbia","WA","26.8"
"Cowlitz","WA","17.0"
"Douglas","WA","21.2"
"Ferry","WA","17.9"
"Franklin","WA","19.8"
"Garfield","WA","25.4"
"Grant","WA","18.1"
"Grays Harbor","WA","16.3"
"Island","WA","35.0"
"Jefferson","WA","42.7"
"King","WA","54.0"
"Kitsap","WA","35.0"
"Kittitas","WA","35.3"
"Klickitat","WA","31.1"
"Lewis","WA","19.0"
"Lincoln","WA","24.3"
"Mason","WA","18.7"
"Okanogan","WA","21.2"
"Pacific","WA","22.4"
"Pend Oreille","WA","22.1"
"Pierce","WA","28.4"
"San Juan","WA","51.3"
"Skagit","WA","28.6"
"Skamania","WA","25.9"
"Snohomish","WA","34.1"
"Spokane","WA","31.5"
"Stevens","WA","20.8"
"Thurston","WA","36.2"
"Wahkiakum","WA","21.3"
"Walla Walla","WA","28.4"
"Whatcom","WA","36.4"
"Whitman","WA","47.6"
"Yakima","WA","17.8"
"Adams","WI","15.1"
"Ashland","WI","19.1"
"Barron","WI","20.6"
"Bayfield","WI","33.5"
"Brown","WI","31.8"
"Buffalo","WI","19.6"
"Burnett","WI","21.5"
"Calumet","WI","30.2"
"Chippewa","WI","23.4"
"Clark","WI","13.0"
"Columbia","WI","23.7"
"Crawford","WI","17.7"
"Dane","WI","53.0"
"Dodge","WI","18.8"
"Door","WI","34.4"
"Douglas","WI","26.6"
"Dunn","WI","29.8"
"Eau Claire","WI","33.3"
"Florence","WI","20.6"
"Fond du Lac","WI","23.0"
"Forest","WI","15.0"
"Grant","WI","23.9"
"Green","WI","24.5"
"Green Lake","WI","21.6"
"Iowa","WI","26.5"
"Iron","WI","23.0"
"Jackson","WI","16.1"
"Jefferson","WI","27.5"
"Juneau","WI","15.5"
"Kenosha","WI","29.3"
"Kewaunee","WI","19.2"
"La Crosse","WI","35.2"
"Lafayette","WI","19.4"
"Langlade","WI","16.0"
"Lincoln","WI","18.7"
"Manitowoc","WI","22.0"
"Marathon","WI","26.6"
"Marinette","WI","17.7"
"Marquette","WI","13.7"
"Menominee","WI","18.4"
"Milwaukee","WI","32.4"
"Monroe","WI","20.7"
"Oconto","WI","17.1"
"Oneida","WI","26.8"
"Outagamie","WI","30.7"
"Ozaukee","WI","50.4"
"Pepin","WI","22.7"
"Pierce","WI","29.4"
"Polk","WI","22.3"
"Portage","WI","33.4"
"Price","WI","16.1"
"Racine","WI","26.8"
"Richland","WI","20.1"
"Rock","WI","24.2"
"Rusk","WI","16.5"
"Sauk","WI","24.9"
"Sawyer","WI","25.2"
"Shawano","WI","16.4"
"Sheboygan","WI","26.2"
"St. Croix","WI","36.9"
"Taylor","WI","16.5"
"Trempealeau","WI","20.4"
"Vernon","WI","23.5"
"Vilas","WI","28.4"
"Walworth","WI","30.3"
"Washburn","WI","23.0"
"Washington","WI","33.2"
"Waukesha","WI","46.9"
"Waupaca","WI","20.3"
"Waushara","WI","16.7"
"Winnebago","WI","29.3"
"Wood","WI","20.4"
"Barbour","WV","13.0"
"Berkeley","WV","23.4"
"Boone","WV","11.3"
"Braxton","WV","13.8"
"Brooke","WV","20.5"
"Cabell","WV","28.3"
"Calhoun","WV","10.2"
"Clay","WV","12.0"
"Doddridge","WV","13.1"
"Fayette","WV","16.4"
"Gilmer","WV","20.2"
"Grant","WV","11.4"
"Greenbrier","WV","19.0"
"Hampshire","WV","12.6"
"Hancock","WV","17.8"
"Hardy","WV","13.2"
"Harrison","WV","23.3"
"Jackson","WV","17.3"
"Jefferson","WV","31.1"
"Kanawha","WV","27.4"
"Lewis","WV","16.0"
"Lincoln","WV","7.8"
"Logan","WV","11.2"
"Marion","WV","24.0"
"Marshall","WV","19.4"
"Mason","WV","14.7"
"McDowell","WV","6.4"
"Mercer","WV","20.7"
"Mineral","WV","20.7"
"Mingo","WV","9.0"
"Monongalia","WV","46.4"
"Monroe","WV","14.9"
"Morgan","WV","19.5"
"Nicholas","WV","15.9"
"Ohio","WV","33.3"
"Pendleton","WV","16.5"
"Pleasants","WV","11.9"
"Pocahontas","WV","13.9"
"Preston","WV","16.8"
"Putnam","WV","26.7"
"Raleigh","WV","19.8"
"Randolph","WV","17.3"
"Ritchie","WV","9.6"
"Roane","WV","13.4"
"Summers","WV","17.2"
"Taylor","WV","16.0"
"Tucker","WV","20.6"
"Tyler","WV","15.3"
"Upshur","WV","16.3"
"Wayne","WV","17.2"
"Webster","WV","12.5"
"Wetzel","WV","14.5"
"Wirt","WV","14.1"
"Wood","WV","21.8"
"Wyoming","WV","11.6"
"Albany","WY","56.3"
"Big Horn","WY","19.8"
"Campbell","WY","20.5"
"Carbon","WY","20.1"
"Converse","WY","22.2"
"Crook","WY","24.3"
"Fremont","WY","24.7"
"Goshen","WY","23.6"
"Hot Springs","WY","24.7"
"Johnson","WY","36.0"
"Laramie","WY","30.2"
"Lincoln","WY","23.0"
"Natrona","WY","24.9"
"Niobrara","WY","21.0"
"Park","WY","33.0"
"Platte","WY","22.4"
"Sheridan","WY","31.2"
"Sublette","WY","26.6"
"Sweetwater","WY","19.4"
"Teton","WY","57.9"
"Uinta","WY","18.0"
"Washakie","WY","26.2"
"Weston","WY","18.4"
