"state","county","votes_gop","votes_dem","total_votes"
"AL","Autauga",19838,7503,27770
"AL","Baldwin",83544,24578,109679
"AL","Barbour",5622,4816,10518
"AL","Bibb",7525,1986,9595
"AL","Blount",24711,2640,27588
"AL","Bullock",1146,3446,4613
"AL","Butler",5458,3965,9488
"AL","Calhoun",35101,15216,50983
"AL","Chambers",8753,6365,15284
"AL","Cherokee",10583,1624,12301
"AL","Chilton",16085,3073,19310
"AL","Choctaw",4296,3127,7464
"AL","Clarke",7324,5755,13135
"AL","Clay",5601,1267,6930
"AL","Cleburne",6484,675,7227
"AL","Coffee",16899,5076,22275
"AL","Colbert",19203,8343,27886
"AL","Conecuh",3442,2966,6441
"AL","Coosa",3631,1796,5479
"AL","Covington",14586,2721,17430
"AL","Crenshaw",4864,1700,6617
"AL","Cullman",36880,4478,41851
"AL","Dale",14303,5170,19738
"AL","Dallas",5524,12230,17864
"AL","DeKalb",24767,4281,29356
"AL","Elmore",30164,10367,41030
"AL","Escambia",10869,4918,15910
"AL","Etowah",35528,11567,47728
"AL","Fayette",7300,1395,8766
"AL","Franklin",10376,2086,12578
"AL","Geneva",10848,1595,12545
"AL","Greene",875,3884,4775
"AL","Hale",3190,4687,7922
"AL","Henry",6607,2606,9298
"AL","Houston",32618,12917,46173
"AL","Jackson",19670,3717,23636
"AL","Jefferson",138843,181688,325848
"AL","Lamar",6174,978,7193
"AL","Lauderdale",31721,11915,44339
"AL","Lawrence",12322,3562,16031
"AL","Lee",42221,27860,71449
"AL","Limestone",34640,13672,49235
"AL","Lowndes",1836,4972,6835
"AL","Macon",1541,7108,8723
"AL","Madison",102780,87286,194767
"AL","Marengo",5343,5488,10900
"AL","Marion",12205,1463,13807
"AL","Marshall",33191,5943,39655
"AL","Mobile",101243,79474,183164
"AL","Monroe",6147,4455,10668
"AL","Montgomery",33311,64529,99139
"AL","Morgan",39664,13234,53722
"AL","Perry",1339,3860,5230
"AL","Pickens",5594,4022,9668
"AL","Pike",8042,5636,13841
"AL","Randolph",8559,2203,10837
"AL","Russell",9864,11228,21329
"AL","St.",36166,7744,44441
"AL","Shelby",79700,33268,114950
"AL","Sumter",1598,4648,6291
"AL","Talladega",22235,13138,35663
"AL","Tallapoosa",14963,5859,20991
"AL","Tuscaloosa",51117,37765,90172
"AL","Walker",26002,4834,31170
"AL","Washington",6564,2258,8876
"AL","Wilcox",1833,4048,5903
"AL","Winston",10195,974,11284
"AK","District",3511,3477,7360
"AK","District",3674,2104,6161
"AK","District",6076,1903,8385
"AK","District",4690,5345,10587
"AK","District",4077,4204,8706
"AK","District",5770,3272,9518
"AK","District",7027,2215,9664
"AK","District",7618,1953,9957
"AK","District",7787,2769,11047
"AK","District",8081,2727,11256
"AK","District",7096,3130,10686
"AK","District",7893,2957,11280
"AK","District",4652,2666,7765
"AK","District",6714,4261,11534
"AK","District",2671,2622,5593
"AK","District",3516,4274,8170
"AK","District",2810,4136,7271
"AK","District",2760,4681,7759
"AK","District",1975,3118,5338
"AK","District",2383,4881,7544
"AK","District",3690,5414,9482
"AK","District",4684,4553,9597
"AK","District",3655,3810,7796
"AK","District",5378,4736,10484
"AK","District",4407,4600,9369
"AK","District",5243,4558,20292
"AK","District",4324,4844,19037
"AK","District",6162,6264,25580
"AK","District",7464,2985,10784
"AK","District",7180,2638,10226
"AK","District",6971,5037,12481
"AK","District",4440,3506,8361
"AK","District",3059,7535,11016
"AK","District",4543,5763,10794
"AK","District",4769,5011,10149
"AK","District",5114,3796,9292
"AK","District",2358,2560,5168
"AK","District",1737,3202,5299
"AK","District",1939,3580,5930
"AK","District",1994,2318,4628
"AZ","Apache",11442,23293,35183
"AZ","Cochise",35557,23732,60473
"AZ","Coconino",27052,44698,73346
"AZ","Gila",18377,8943,27678
"AZ","Graham",10749,4034,14996
"AZ","Greenlee",2433,1182,3688
"AZ","La",5129,2236,7460
"AZ","Maricopa",995665,1040774,2069475
"AZ","Mohave",78535,24831,104705
"AZ","Navajo",27657,23383,51783
"AZ","Pima",207758,304981,520735
"AZ","Pinal",107077,75106,185037
"AZ","Santa",6194,13138,19561
"AZ","Yavapai",91527,49602,143280
"AZ","Yuma",36534,32210,69926
"AR","Arkansas",4304,1818,6292
"AR","Ashley",5548,2125,7926
"AR","Baxter",15836,4635,21007
"AR","Benton",73965,42249,119912
"AR","Boone",13652,3064,17114
"AR","Bradley",2335,1214,3654
"AR","Calhoun",1636,479,2182
"AR","Carroll",7424,4023,11797
"AR","Chicot",1752,2260,4103
"AR","Clark",4616,3438,8395
"AR","Clay",4086,962,5183
"AR","Cleburne",10328,1988,12680
"AR","Cleveland",2867,651,3600
"AR","Columbia",5500,2814,8616
"AR","Conway",5694,2615,8685
"AR","Craighead",25558,11921,38511
"AR","Crawford",18607,4959,24091
"AR","Crittenden",7333,8514,16367
"AR","Cross",4946,1772,6942
"AR","Dallas",1573,963,2649
"AR","Desha",1921,2016,4164
"AR","Drew",4349,2426,6908
"AR","Faulkner",34421,18347,54428
"AR","Franklin",5677,1300,7129
"AR","Fulton",3961,1035,5119
"AR","Garland",29069,14045,44199
"AR","Grant",6794,1268,8200
"AR","Greene",12670,3058,16100
"AR","Hempstead",4470,2138,6848
"AR","Hot",9202,3082,12557
"AR","Howard",3367,1340,4834
"AR","Independence",11250,2806,14512
"AR","Izard",4631,1021,5810
"AR","Jackson",3593,1365,5091
"AR","Jefferson",9521,14981,25158
"AR","Johnson",6938,2283,9498
"AR","Lafayette",1757,839,2679
"AR","Lawrence",4569,1080,5857
"AR","Lee",1286,1423,2848
"AR","Lincoln",2729,1032,3875
"AR","Little",3715,1226,5177
"AR","Logan",6441,1544,8225
"AR","Lonoke",22884,6686,30662
"AR","Madison",5658,1563,7351
"AR","Marion",5783,1531,7503
"AR","Miller",11920,4245,16529
"AR","Mississippi",7296,4558,12342
"AR","Monroe",1545,1147,2816
"AR","Montgomery",3046,731,3873
"AR","Nevada",2133,1076,3358
"AR","Newton",3192,709,3998
"AR","Ouachita",5294,3995,9629
"AR","Perry",3479,1012,4627
"AR","Phillips",2417,3623,6242
"AR","Pike",3519,644,4246
"AR","Poinsett",5918,1424,7521
"AR","Polk",7035,1246,8490
"AR","Pope",18081,5772,24432
"AR","Prairie",2786,654,3495
"AR","Pulaski",63687,101947,169956
"AR","Randolph",5355,1215,6812
"AR","St.",3242,3604,7108
"AR","Saline",39556,16060,56959
"AR","Scott",2962,483,3551
"AR","Searcy",3365,588,4019
"AR","Sebastian",31198,14487,47140
"AR","Sevier",3884,1116,5202
"AR","Sharp",5938,1398,7566
"AR","Stone",4616,1180,5938
"AR","Union",10478,5584,16607
"AR","Van",6034,1593,7807
"AR","Washington",47504,43824,94266
"AR","White",24182,5978,30885
"AR","Woodruff",1543,856,2476
"AR","Yell",5226,1284,6741
"CA","Alameda",136309,617659,769864
"CA","Alpine",244,476,741
"CA","Amador",13585,8153,22302
"CA","Butte",48730,50426,102042
"CA","Calaveras",16518,10046,27164
"CA","Colusa",4554,3234,7951
"CA","Contra",152877,416386,581230
"CA","Del",6461,4677,11452
"CA","El",61838,51621,116138
"CA","Fresno",164464,193025,364809
"CA","Glenn",7063,3995,11292
"CA","Humboldt",21770,44768,68828
"CA","Imperial",20847,34678,56718
"CA","Inyo",4620,4634,9481
"CA","Kern",164484,133366,305226
"CA","Kings",24072,18699,43858
"CA","Lake",13123,14941,28800
"CA","Lassen",8970,2799,11985
"CA","Los",1145530,3028885,4263443
"CA","Madera",29378,23168,53722
"CA","Marin",24612,128288,155801
"CA","Mariposa",5950,4088,10280
"CA","Mendocino",13267,28782,43336
"CA","Merced",39397,48991,90541
"CA","Modoc",3109,1150,4338
"CA","Mono",2513,4013,6737
"CA","Monterey",46299,113953,163883
"CA","Napa",20676,49817,72122
"CA","Nevada",26779,36359,64738
"CA","Orange",676498,814009,1521725
"CA","Placer",122488,106869,235017
"CA","Plumas",6445,4561,11256
"CA","Riverside",448702,527945,996156
"CA","Sacramento",259405,440808,718290
"CA","San",10590,17628,28821
"CA","San",366257,455859,840931
"CA","San",600094,964650,1601722
"CA","San",56417,378156,443458
"CA","San",121098,161137,288443
"CA","San",67436,88310,159681
"CA","San",75563,291410,374138
"CA","Santa",65736,129963,200288
"CA","Santa",214612,617967,850522
"CA","Santa",26937,114246,144796
"CA","Shasta",60789,30000,92900
"CA","Sierra",1142,730,1930
"CA","Siskiyou",13290,9593,23450
"CA","Solano",69306,131639,205831
"CA","Sonoma",61825,199938,268252
"CA","Stanislaus",104145,105841,214876
"CA","Sutter",24375,17367,42640
"CA","Tehama",19141,8911,28721
"CA","Trinity",3188,2851,6258
"CA","Tulare",77579,66105,146832
"CA","Tuolumne",17689,11978,30401
"CA","Ventura",162207,251388,422698
"CA","Yolo",27292,67598,97264
"CA","Yuba",17676,11230,29787
"CO","Adams",95657,134202,236735
"CO","Alamosa",3813,3759,7808
"CO","Arapahoe",127323,213607,350183
"CO","Archuleta",5189,3738,9144
"CO","Baca",1867,317,2225
"CO","Bent",1503,732,2274
"CO","Boulder",42501,159089,206111
"CO","Broomfield",16295,29077,46632
"CO","Chaffee",6222,7160,13717
"CO","Cheyenne",993,131,1136
"CO","Clear",2754,3604,6548
"CO","Conejos",2286,1959,4333
"CO","Costilla",741,1311,2094
"CO","Crowley",1271,437,1750
"CO","Custer",2474,1112,3634
"CO","Delta",13081,5887,19370
"CO","Denver",71618,313293,393827
"CO","Dolores",1089,341,1449
"CO","Douglas",121270,104653,231599
"CO","Eagle",9892,18588,29140
"CO","Elbert",14027,4490,18983
"CO","El",202828,161941,378849
"CO","Fremont",17517,7369,25557
"CO","Garfield",14717,15427,30904
"CO","Gilpin",1833,2223,4186
"CO","Grand",4883,4710,9870
"CO","Gunnison",3735,7132,11190
"CO","Hinsdale",353,255,632
"CO","Huerfano",2203,2076,4406
"CO","Jackson",681,175,876
"CO","Jefferson",148417,218396,377357
"CO","Kiowa",795,98,903
"CO","Kit",3144,662,3871
"CO","Lake",1497,2303,3961
"CO","La",14233,20548,35667
"CO","Larimer",91489,126120,224338
"CO","Las",4284,3497,7961
"CO","Lincoln",2135,470,2651
"CO","Logan",8087,2218,10532
"CO","Mesa",56894,31536,90622
"CO","Mineral",427,317,756
"CO","Moffat",5670,1203,7026
"CO","Montezuma",9306,5836,15500
"CO","Montrose",16770,7687,24922
"CO","Morgan",9593,3876,13744
"CO","Otero",5756,3605,9576
"CO","Ouray",1577,2365,4020
"CO","Park",6991,4903,12290
"CO","Phillips",1958,486,2485
"CO","Pitkin",2780,8989,11957
"CO","Prowers",4008,1458,5561
"CO","Pueblo",42252,43772,88299
"CO","Rio",3061,561,3691
"CO","Rio",3660,2495,6305
"CO","Routt",5925,10582,16876
"CO","Saguache",1413,1884,3389
"CO","San",202,342,563
"CO","San",1136,3924,5147
"CO","Sedgwick",1121,301,1446
"CO","Summit",5322,12631,18479
"CO","Teller",11241,5278,16939
"CO","Washington",2595,369,3008
"CO","Weld",96145,66060,166968
"CO","Yuma",4107,785,4981
"CT","Fairfield",169039,297505,472990
"CT","Hartford",159024,283368,449336
"CT","Litchfield",55601,50164,107544
"CT","Middlesex",40665,56848,99203
"CT","New",169892,242629,417980
"CT","New",57110,79459,139604
"CT","Tolland",34819,44006,80546
"CT","Windham",29141,26701,57077
"DE","Kent",41009,44552,87025
"DE","New",88364,195034,287633
"DE","Sussex",71230,56682,129352
"FL","Alachua",50972,89704,142604
"FL","Baker",11911,2037,14059
"FL","Bay",66097,25614,93024
"FL","Bradford",10334,3160,13632
"FL","Brevard",207883,148549,360764
"FL","Broward",333409,618752,957672
"FL","Calhoun",5274,1209,6526
"FL","Charlotte",73243,42273,116340
"FL","Citrus",65352,27092,93208
"FL","Clay",84480,38317,124405
"FL","Collier",128950,77621,207818
"FL","Columbia",23836,8914,33042
"FL","DeSoto",8313,4259,12659
"FL","Dixie",6759,1365,8167
"FL","Duval",233762,252556,492820
"FL","Escambia",96674,70929,170372
"FL","Flagler",43043,28161,71716
"FL","Franklin",4675,2120,6849
"FL","Gadsden",7465,16153,23762
"FL","Gilchrist",7895,1700,9685
"FL","Glades",3782,1385,5193
"FL","Gulf",6113,1985,8163
"FL","Hamilton",3815,1963,5830
"FL","Hardee",6122,2298,8485
"FL","Hendry",7906,4929,12940
"FL","Hernando",70412,37519,108922
"FL","Highlands",34873,16938,52170
"FL","Hillsborough",327398,376367,712063
"FL","Holmes",8080,924,9068
"FL","Indian",58872,37844,97484
"FL","Jackson",15488,6766,22419
"FL","Jefferson",4479,3897,8451
"FL","Lafayette",3128,510,3658
"FL","Lake",125859,83505,211314
"FL","Lee",233247,157695,393899
"FL","Leon",57453,103517,162929
"FL","Levy",16749,6205,23145
"FL","Liberty",2846,694,3561
"FL","Madison",5576,3747,9380
"FL","Manatee",124987,90166,216958
"FL","Marion",127826,74858,204376
"FL","Martin",61168,36893,98726
"FL","Miami-Dade",532833,617864,1156816
"FL","Monroe",25693,21881,48029
"FL","Nassau",42566,15564,58811
"FL","Okaloosa",79798,34248,116373
"FL","Okeechobee",11470,4390,15954
"FL","Orange",245398,395014,647403
"FL","Osceola",73480,97297,172436
"FL","Palm",334711,433572,773158
"FL","Pasco",179621,119073,301970
"FL","Pinellas",276209,277450,559715
"FL","Polk",194586,145049,343256
"FL","Putnam",25514,10527,36373
"FL","St.",110946,63850,176622
"FL","St.",86831,84137,172169
"FL","Santa",77385,27612,106928
"FL","Sarasota",148370,120110,270575
"FL","Seminole",125241,132528,260815
"FL","Sumter",62761,29341,92485
"FL","Suwannee",16410,4485,21057
"FL","Taylor",7751,2299,10127
"FL","Union",5133,1053,6245
"FL","Volusia",173821,130575,307439
"FL","Wakulla",12874,5351,18404
"FL","Walton",32947,10338,43711
"FL","Washington",9876,2347,12327
"GA","Appling",6570,1784,8390
"GA","Atkinson",2300,825,3155
"GA","Bacon",4017,625,4667
"GA","Baker",897,652,1555
"GA","Baldwin",8903,9140,18251
"GA","Banks",7795,932,8801
"GA","Barrow",26804,10453,37921
"GA","Bartow",37672,12091,50464
"GA","Ben",4111,2393,6564
"GA","Berrien",6419,1269,7743
"GA","Bibb",26559,43408,70714
"GA","Bleckley",4329,1312,5708
"GA","Brantley",6993,700,7749
"GA","Brooks",4261,2791,7101
"GA","Bryan",14240,6738,21335
"GA","Bulloch",18387,11248,30090
"GA","Burke",5400,5208,10683
"GA","Butts",8406,3274,11771
"GA","Calhoun",923,1263,2198
"GA","Camden",15249,7967,23686
"GA","Candler",3133,1269,4431
"GA","Carroll",37476,16236,54472
"GA","Catoosa",25167,6932,32593
"GA","Charlton",3419,1105,4568
"GA","Chatham",53232,78247,133408
"GA","Chattahoochee",880,667,1582
"GA","Chattooga",8064,1854,10050
"GA","Cherokee",99585,42779,144815
"GA","Clarke",14450,36055,51346
"GA","Clay",637,791,1435
"GA","Clayton",15811,95466,112330
"GA","Clinch",2105,744,2861
"GA","Cobb",165436,221847,393728
"GA","Coffee",10578,4511,15214
"GA","Colquitt",11777,4190,16086
"GA","Columbia",50013,29232,80575
"GA","Cook",4900,2059,7035
"GA","Coweta",51501,24210,76799
"GA","Crawford",4428,1615,6102
"GA","Crisp",4985,2982,8033
"GA","Dade",6066,1261,7434
"GA","Dawson",13398,2486,16081
"GA","Decatur",6755,4782,11625
"GA","DeKalb",58377,308162,370746
"GA","Dodge",5843,2172,8071
"GA","Dooly",2159,1911,4105
"GA","Dougherty",10441,24568,35287
"GA","Douglas",25454,42814,69106
"GA","Early",2710,2450,5188
"GA","Echols",1256,167,1441
"GA","Effingham",23361,7718,31571
"GA","Elbert",6226,2879,9171
"GA","Emanuel",6553,2886,9505
"GA","Evans",2888,1324,4247
"GA","Fannin",12169,2570,14849
"GA","Fayette",37956,33062,71994
"GA","Floyd",28906,11917,41341
"GA","Forsyth",85123,42208,129311
"GA","Franklin",9069,1593,10765
"GA","Fulton",137247,380212,523779
"GA","Gilmer",13429,2932,16525
"GA","Glascock",1402,155,1565
"GA","Glynn",25617,15882,41988
"GA","Gordon",19405,4384,24033
"GA","Grady",7034,3619,10707
"GA","Greene",7066,4087,11244
"GA","Gwinnett",166400,241994,414023
"GA","Habersham",16637,3562,20431
"GA","Hall",64183,25033,90537
"GA","Hancock",1154,2976,4153
"GA","Haralson",12330,1791,14246
"GA","Harris",14319,5457,19991
"GA","Hart",9465,3157,12728
"GA","Heard",4519,824,5394
"GA","Henry",48259,73443,122998
"GA","Houston",41540,32239,74838
"GA","Irwin",3134,1008,4168
"GA","Jackson",29502,7642,37675
"GA","Jasper",5822,1761,7644
"GA","Jeff",4695,1028,5771
"GA","Jefferson",3537,4058,7639
"GA","Jenkins",2161,1266,3455
"GA","Johnson",2850,1222,4100
"GA","Jones",9940,4882,14934
"GA","Lamar",6331,2620,9045
"GA","Lanier",2509,1019,3576
"GA","Laurens",14493,8074,22731
"GA","Lee",12007,4558,16714
"GA","Liberty",7959,13104,21394
"GA","Lincoln",3173,1432,4641
"GA","Long",3527,2035,5657
"GA","Lowndes",25692,20116,46355
"GA","Lumpkin",12163,3126,15531
"GA","McDuffie",6169,4168,10455
"GA","McIntosh",4016,2612,6696
"GA","Macon",1783,2858,4663
"GA","Madison",11326,3411,14937
"GA","Marion",2275,1312,3625
"GA","Meriwether",6524,4287,10877
"GA","Miller",2066,748,2834
"GA","Mitchell",4935,3993,8962
"GA","Monroe",11057,4385,15590
"GA","Montgomery",2960,980,3967
"GA","Morgan",8231,3353,11706
"GA","Murray",12944,2301,15389
"GA","Muscogee",30107,49446,80514
"GA","Newton",23869,29789,54234
"GA","Oconee",16595,8162,25168
"GA","Oglethorpe",5592,2439,8133
"GA","Paulding",54517,29695,85372
"GA","Peach",6506,5922,12553
"GA","Pickens",14110,2824,17167
"GA","Pierce",7898,1100,9047
"GA","Pike",9127,1505,10720
"GA","Polk",13587,3657,17396
"GA","Pulaski",2815,1230,4081
"GA","Putnam",8291,3448,11855
"GA","Quitman",604,497,1106
"GA","Rabun",7474,1984,9568
"GA","Randolph",1390,1671,3073
"GA","Richmond",26780,59119,87009
"GA","Rockdale",13014,31237,44681
"GA","Schley",1800,462,2275
"GA","Screven",3915,2661,6627
"GA","Seminole",2613,1256,3888
"GA","Spalding",18104,11828,30211
"GA","Stephens",9367,2386,11885
"GA","Stewart",801,1182,1990
"GA","Sumter",5733,6314,12148
"GA","Talbot",1392,2114,3522
"GA","Taliaferro",360,561,928
"GA","Tattnall",6054,2062,8185
"GA","Taylor",2420,1388,3842
"GA","Telfair",2825,1488,4334
"GA","Terrell",2004,2376,4416
"GA","Thomas",12969,8708,21872
"GA","Tift",10784,5318,16279
"GA","Toombs",7873,2938,10914
"GA","Towns",6384,1550,7979
"GA","Treutlen",2101,952,3077
"GA","Troup",18142,11577,30047
"GA","Turner",2349,1409,3791
"GA","Twiggs",2370,2044,4444
"GA","Union",12650,2800,15558
"GA","Upson",8606,4203,12905
"GA","Walker",23173,5770,29354
"GA","Walton",37839,12683,51093
"GA","Ware",9903,4169,14189
"GA","Warren",1166,1468,2650
"GA","Washington",4668,4743,9477
"GA","Wayne",9987,2688,12779
"GA","Webster",748,640,1391
"GA","Wheeler",1583,689,2285
"GA","White",12222,2411,14816
"GA","Whitfield",25644,10680,36766
"GA","Wilcox",2402,861,3279
"GA","Wilkes",2823,2160,5030
"GA","Wilkinson",2665,2074,4770
"GA","Worth",6830,2395,9285
"HI","Hawaii",26897,58731,87814
"HI","Honolulu",136259,238869,382114
"HI","Kauai",11582,21225,33497
"HI","Maui",22126,47305,71044
"ID","Ada",130699,120539,259389
"ID","Adams",1941,591,2586
"ID","Bannock",23331,14682,39553
"ID","Bear",2914,350,3315
"ID","Benewah",3878,977,4973
"ID","Bingham",15295,4124,20094
"ID","Blaine",4031,8919,13288
"ID","Boise",3485,1204,4820
"ID","Bonner",18369,8310,27352
"ID","Bonneville",37805,14254,53995
"ID","Boundary",4937,1220,6313
"ID","Butte",1202,188,1415
"ID","Camas",507,149,754
"ID","Canyon",61759,25881,90438
"ID","Caribou",2906,431,3416
"ID","Cassia",7907,1464,9629
"ID","Clark",264,41,311
"ID","Clearwater",3453,877,4419
"ID","Custer",2089,603,2739
"ID","Elmore",7246,2601,10205
"ID","Franklin",5845,657,6664
"ID","Fremont",5548,998,6719
"ID","Gem",7951,1803,9958
"ID","Gooding",4659,1256,6050
"ID","Idaho",7826,1561,9602
"ID","Jefferson",12099,1661,14173
"ID","Jerome",5734,1893,7812
"ID","Kootenai",62837,24312,89878
"ID","Latah",9472,10236,20570
"ID","Lemhi",3592,1032,4738
"ID","Lewis",1489,349,1870
"ID","Lincoln",1469,414,1940
"ID","Madison",13559,2666,17112
"ID","Minidoka",6265,1550,7993
"ID","Nez",13738,6686,20967
"ID","Oneida",2148,249,2451
"ID","Owyhee",3819,816,4742
"ID","Payette",8862,2161,11293
"ID","Power",2116,865,3086
"ID","Shoshone",4216,1693,6049
"ID","Teton",2858,3318,6347
"ID","Twin",25897,9391,36680
"ID","Valley",3947,2976,7063
"ID","Washington",4154,1073,5344
"IL","Adams",24220,8633,33527
"IL","Alexander",1486,1114,2625
"IL","Bond",5625,2288,8144
"IL","Boone",13883,10542,24979
"IL","Brown",1931,486,2525
"IL","Bureau",10411,6669,17434
"IL","Calhoun",2046,677,2773
"IL","Carroll",5105,2748,8024
"IL","Cass",3625,1615,5326
"IL","Champaign",35285,57067,95568
"IL","Christian",11563,4335,16204
"IL","Clark",6226,1993,8355
"IL","Clay",5629,1129,6899
"IL","Clinton",14304,4493,19214
"IL","Coles",14037,8067,22606
"IL","Cook",558269,1725973,2321399
"IL","Crawford",7043,2202,9441
"IL","Cumberland",4601,1142,5850
"IL","DeKalb",21905,24643,47989
"IL","De",5632,2191,8024
"IL","Douglas",6227,2335,8760
"IL","DuPage",193611,281222,485064
"IL","Edgar",6193,1887,8196
"IL","Edwards",2833,488,3368
"IL","Effingham",15006,3716,19083
"IL","Fayette",8055,1826,10076
"IL","Ford",5048,1754,6967
"IL","Franklin",13622,4760,18669
"IL","Fulton",9867,6503,16724
"IL","Gallatin",2019,622,2675
"IL","Greene",4770,1349,6227
"IL","Grundy",16523,9626,26753
"IL","Hamilton",3432,824,4323
"IL","Hancock",6906,2315,9383
"IL","Hardin",1691,449,2162
"IL","Henderson",2394,1187,3656
"IL","Henry",15300,9797,25700
"IL","Iroquois",10877,2908,14044
"IL","Jackson",10890,11181,22716
"IL","Jasper",4494,1007,5586
"IL","Jefferson",12476,4608,17436
"IL","Jersey",8712,2961,11960
"IL","Jo",7166,5109,12495
"IL","Johnson",5059,1281,6450
"IL","Kane",96775,130166,231876
"IL","Kankakee",28532,20271,50039
"IL","Kendall",29492,33168,64205
"IL","Knox",12009,10703,23205
"IL","Lake",123594,204032,334156
"IL","LaSalle",30113,22442,53683
"IL","Lawrence",4886,1419,6422
"IL","Lee",9630,6407,16440
"IL","Livingston",12208,4615,17174
"IL","Logan",9136,3840,13294
"IL","McDonough",7027,4992,12285
"IL","McHenry",82260,78154,164578
"IL","McLean",40502,43933,87389
"IL","Macon",28589,19847,49387
"IL","Macoupin",16153,7365,24070
"IL","Madison",76031,57836,137558
"IL","Marion",12678,4524,17492
"IL","Marshall",4197,2005,6345
"IL","Mason",4654,1985,6766
"IL","Massac",4997,1725,6818
"IL","Menard",4764,2022,6954
"IL","Mercer",5418,3280,8914
"IL","Monroe",14142,6569,21206
"IL","Montgomery",9544,3905,13761
"IL","Morgan",9950,5076,15333
"IL","Moultrie",4964,1662,6744
"IL","Ogle",16248,9428,26340
"IL","Peoria",38252,43578,83973
"IL","Perry",7313,2612,10071
"IL","Piatt",6248,3329,9851
"IL","Pike",6332,1484,7965
"IL","Pope",1722,433,2175
"IL","Pulaski",1699,891,2631
"IL","Putnam",1993,1338,3390
"IL","Randolph",11076,3592,14910
"IL","Richland",6089,1830,8063
"IL","Rock",28603,36691,66817
"IL","St.",57150,68325,128104
"IL","Saline",8103,2789,11089
"IL","Sangamon",53485,48917,104751
"IL","Schuyler",2773,1068,3918
"IL","Scott",2114,572,2741
"IL","Shelby",9426,2504,12097
"IL","Stark",2004,815,2886
"IL","Stephenson",12521,9055,22048
"IL","Tazewell",42513,24819,69051
"IL","Union",6161,2579,8904
"IL","Vermilion",20725,10323,31642
"IL","Wabash",4237,1253,5607
"IL","Warren",4676,3090,7924
"IL","Washington",6115,1641,7921
"IL","Wayne",7176,1187,8499
"IL","White",5791,1517,7431
"IL","Whiteside",14527,12253,27375
"IL","Will",155116,183915,346266
"IL","Williamson",22801,10206,33729
"IL","Winnebago",60861,64056,127710
"IL","Woodford",14799,6160,21498
"IN","Adams",10686,3236,14209
"IN","Allen",92083,73189,169082
"IN","Bartholomew",22410,12934,36235
"IN","Benton",3007,1009,4114
"IN","Blackford",3841,1376,5350
"IN","Boone",22351,15244,38520
"IN","Brown",5777,3036,8981
"IN","Carroll",7086,2224,9495
"IN","Cass",10552,4304,15198
"IN","Clark",33668,23093,57869
"IN","Clay",9499,2552,12267
"IN","Clinton",9334,3361,12949
"IN","Crawford",3483,1355,4944
"IN","Daviess",9576,2169,11954
"IN","Dearborn",19528,5446,25383
"IN","Decatur",9575,2439,12287
"IN","DeKalb",14237,4966,19628
"IN","Delaware",26827,20474,48191
"IN","Dubois",15033,6292,21770
"IN","Elkhart",46972,26108,74387
"IN","Fayette",7755,2237,10136
"IN","Floyd",23400,17511,41802
"IN","Fountain",6154,1629,7986
"IN","Franklin",9691,2137,12000
"IN","Fulton",6694,2280,9147
"IN","Gibson",11817,4023,16161
"IN","Grant",18543,8015,27159
"IN","Greene",11103,3389,14784
"IN","Hamilton",101587,88390,193999
"IN","Hancock",28996,12895,42911
"IN","Harrison",14565,5343,20236
"IN","Hendricks",53802,32604,88505
"IN","Henry",15043,5544,21030
"IN","Howard",26449,13303,40630
"IN","Huntington",13147,4255,17829
"IN","Jackson",14555,4302,19238
"IN","Jasper",11383,3798,15475
"IN","Jay",6361,1926,8461
"IN","Jefferson",9663,4731,14697
"IN","Jennings",9490,2523,12251
"IN","Johnson",51219,24736,77618
"IN","Knox",11655,4067,16011
"IN","Kosciusko",26499,8364,35787
"IN","LaGrange",8110,2355,10633
"IN","Lake",91760,124870,219956
"IN","LaPorte",25997,22427,49392
"IN","Lawrence",15601,4961,21025
"IN","Madison",31215,19524,51793
"IN","Marion",134175,247772,389619
"IN","Marshall",13844,5712,19927
"IN","Martin",4029,1011,5144
"IN","Miami",10925,3235,14473
"IN","Monroe",22071,39861,63151
"IN","Montgomery",12659,4213,17198
"IN","Morgan",27512,7781,36159
"IN","Newton",4942,1509,6591
"IN","Noble",14195,4660,19190
"IN","Ohio",2392,750,3164
"IN","Orange",6432,2224,8832
"IN","Owen",7286,2420,9904
"IN","Parke",5398,1503,7011
"IN","Perry",5345,3203,8722
"IN","Pike",4692,1415,6220
"IN","Porter",45008,39746,86509
"IN","Posey",9206,3811,13236
"IN","Pulaski",4246,1463,5806
"IN","Putnam",12278,3946,16597
"IN","Randolph",8312,2513,11070
"IN","Ripley",11261,2774,14271
"IN","Rush",6035,1754,7932
"IN","St.",53164,59896,115238
"IN","Scott",7328,2698,10161
"IN","Shelby",14568,5023,19991
"IN","Spencer",7357,3213,10769
"IN","Starke",7466,2650,10290
"IN","Steuben",11327,4513,16162
"IN","Sullivan",6691,2153,8994
"IN","Switzerland",3133,964,4154
"IN","Tippecanoe",34581,35017,71448
"IN","Tipton",6110,1834,8116
"IN","Union",2688,736,3483
"IN","Vanderburgh",41844,34415,77662
"IN","Vermillion",5184,2145,7481
"IN","Vigo",24545,18123,43594
"IN","Wabash",10762,3494,14573
"IN","Warren",3401,974,4472
"IN","Warrick",21326,11923,33829
"IN","Washington",9114,2784,12139
"IN","Wayne",17567,9524,27679
"IN","Wells",10855,2928,14050
"IN","White",7957,3032,11166
"IN","Whitley",12862,4234,17556
"IA","Adair",2917,1198,4177
"IA","Adams",1530,590,2160
"IA","Allamakee",4735,2576,7422
"IA","Appanoose",4512,1891,6516
"IA","Audubon",2295,1071,3420
"IA","Benton",9188,5160,14642
"IA","Black",29640,35647,66593
"IA","Boone",8695,6303,15340
"IA","Bremer",8294,5958,14546
"IA","Buchanan",6420,4169,10774
"IA","Buena",5056,2961,8167
"IA","Butler",5542,2424,8098
"IA","Calhoun",3689,1470,5258
"IA","Carroll",7737,3454,11335
"IA","Cass",4969,2201,7276
"IA","Cedar",6161,4337,10703
"IA","Cerro",12442,10941,23801
"IA","Cherokee",4495,1936,6518
"IA","Chickasaw",4308,2233,6631
"IA","Clarke",3144,1466,4670
"IA","Clay",6137,2662,8969
"IA","Clayton",6106,3340,9594
"IA","Clinton",13361,10812,24687
"IA","Crawford",4854,2220,7154
"IA","Dallas",27987,26879,56022
"IA","Davis",3032,1013,4102
"IA","Decatur",2615,1120,3804
"IA","Delaware",6666,3157,10003
"IA","Des",10592,8893,19956
"IA","Dickinson",7438,3661,11244
"IA","Dubuque",27214,25657,53926
"IA","Emmet",3265,1520,4853
"IA","Fayette",6145,3835,10186
"IA","Floyd",4732,3172,8032
"IA","Franklin",3422,1626,5130
"IA","Fremont",2711,1080,3857
"IA","Greene",3223,1769,5057
"IA","Grundy",4929,2206,7276
"IA","Guthrie",4272,1985,6371
"IA","Hamilton",4956,2843,7943
"IA","Hancock",4390,1683,6172
"IA","Hardin",5850,2976,8989
"IA","Harrison",5569,2440,8155
"IA","Henry",6507,3275,9982
"IA","Howard",3127,1772,4958
"IA","Humboldt",3819,1442,5327
"IA","Ida",2880,917,3849
"IA","Iowa",6009,3547,9742
"IA","Jackson",6940,4029,11135
"IA","Jasper",12084,7737,20184
"IA","Jefferson",4443,4319,8959
"IA","Johnson",22925,59177,83851
"IA","Jones",6572,4213,10989
"IA","Keokuk",3797,1414,5303
"IA","Kossuth",6275,2696,9090
"IA","Lee",9773,6541,16734
"IA","Linn",53364,70874,127458
"IA","Louisa",3500,1726,5332
"IA","Lucas",3287,1284,4630
"IA","Lyon",5707,1067,6863
"IA","Madison",6507,3134,9824
"IA","Mahaska",8297,2894,11404
"IA","Marion",12663,6178,19232
"IA","Marshall",9571,8176,18136
"IA","Mills",5585,2508,8268
"IA","Mitchell",3677,2053,5822
"IA","Monona",3248,1407,4728
"IA","Monroe",2975,1078,4088
"IA","Montgomery",3659,1583,5327
"IA","Muscatine",10823,9372,20671
"IA","O'Brien",5861,1569,7551
"IA","Osceola",2690,601,3328
"IA","Page",5319,2086,7528
"IA","Palo",3370,1519,4958
"IA","Plymouth",10492,3494,14188
"IA","Pocahontas",2826,933,3823
"IA","Polk",106800,146250,258755
"IA","Pottawattamie",26247,18575,45744
"IA","Poweshiek",5657,4306,10140
"IA","Ringgold",1968,709,2714
"IA","Sac",4061,1389,5535
"IA","Scott",43683,46926,92599
"IA","Shelby",4697,1959,6795
"IA","Sioux",15680,3019,19051
"IA","Story",20340,29175,51038
"IA","Tama",5303,3577,9048
"IA","Taylor",2463,746,3249
"IA","Union",4010,2061,6185
"IA","Van",2859,875,3791
"IA","Wapello",9516,5821,15633
"IA","Warren",17782,12574,31039
"IA","Washington",6971,4561,11765
"IA","Wayne",2338,727,3109
"IA","Webster",10938,6613,17822
"IA","Winnebago",3707,2135,5970
"IA","Winneshiek",6235,5617,12064
"IA","Woodbury",25736,18704,45362
"IA","Worth",2738,1596,4418
"IA","Wright",4136,1996,6254
"KS","Allen",4155,1559,5842
"KS","Anderson",2874,765,3720
"KS","Atchison",4826,2314,7312
"KS","Barber",1992,284,2313
"KS","Barton",8480,2302,10961
"KS","Bourbon",4910,1505,6550
"KS","Brown",3206,1088,4396
"KS","Butler",22250,9003,31946
"KS","Chase",1114,341,1478
"KS","Chautauqua",1397,212,1634
"KS","Cherokee",6622,2163,8945
"KS","Cheyenne",1158,220,1400
"KS","Clark",885,143,1048
"KS","Clay",3129,883,4134
"KS","Cloud",3182,893,4174
"KS","Coffey",3407,928,4448
"KS","Comanche",745,126,904
"KS","Cowley",9442,4171,13911
"KS","Crawford",10045,6179,16718
"KS","Decatur",1232,208,1458
"KS","Dickinson",7045,2040,9246
"KS","Doniphan",2949,678,3674
"KS","Douglas",16737,39436,57540
"KS","Edwards",1127,267,1413
"KS","Elk",1130,191,1347
"KS","Ellis",9569,3633,13501
"KS","Ellsworth",2106,646,2806
"KS","Finney",7079,4155,11466
"KS","Ford",5763,2926,8850
"KS","Franklin",8326,3623,12247
"KS","Geary",5193,3825,9311
"KS","Gove",1256,163,1433
"KS","Graham",1052,222,1302
"KS","Grant",1910,497,2452
"KS","Gray",1871,337,2240
"KS","Greeley",537,77,629
"KS","Greenwood",2404,562,3030
"KS","Hamilton",684,134,837
"KS","Harper",2128,453,2626
"KS","Harvey",10015,6652,17034
"KS","Haskell",1103,261,1383
"KS","Hodgeman",866,151,1033
"KS","Jackson",4435,1852,6468
"KS","Jefferson",6193,3106,9581
"KS","Jewell",1369,211,1608
"KS","Johnson",155631,184259,349386
"KS","Kearny",1134,255,1413
"KS","Kingman",3102,745,3929
"KS","Kiowa",957,153,1139
"KS","Labette",5639,2607,8414
"KS","Lane",757,114,888
"KS","Leavenworth",21378,13753,36115
"KS","Lincoln",1273,266,1570
"KS","Linn",3940,863,4903
"KS","Logan",1231,185,1437
"KS","Lyon",7381,5878,13622
"KS","McPherson",9562,3977,13868
"KS","Marion",4377,1463,5969
"KS","Marshall",3662,1239,5023
"KS","Meade",1508,261,1807
"KS","Miami",12116,5133,17624
"KS","Mitchell",2454,547,3039
"KS","Montgomery",9768,3147,13177
"KS","Morris",2085,721,2849
"KS","Morton",1004,147,1163
"KS","Nemaha",4612,920,5625
"KS","Neosho",4795,1727,6629
"KS","Ness",1315,147,1487
"KS","Norton",1977,361,2390
"KS","Osage",5591,2099,7893
"KS","Osborne",1590,275,1899
"KS","Ottawa",2581,504,3159
"KS","Pawnee",2028,635,2712
"KS","Phillips",2388,318,2752
"KS","Pottawatomie",9247,3257,12815
"KS","Pratt",3087,924,4107
"KS","Rawlins",1253,214,1496
"KS","Reno",17948,8602,27245
"KS","Republic",2172,420,2643
"KS","Rice",3187,953,4230
"KS","Riley",11174,11940,23855
"KS","Rooks",2294,332,2661
"KS","Rush",1425,291,1748
"KS","Russell",2765,591,3429
"KS","Saline",15313,8022,23911
"KS","Scott",1991,290,2322
"KS","Sedgwick",117653,90820,213552
"KS","Seward",3285,1736,5099
"KS","Shawnee",40443,43015,86122
"KS","Sheridan",1237,144,1397
"KS","Sherman",2222,386,2673
"KS","Smith",1734,328,2092
"KS","Stafford",1631,355,2017
"KS","Stanton",607,147,767
"KS","Stevens",1731,233,1997
"KS","Sumner",7998,2551,10779
"KS","Thomas",3106,622,3794
"KS","Trego",1341,238,1603
"KS","Wabaunsee",2813,956,3861
"KS","Wallace",762,44,817
"KS","Washington",2332,467,2843
"KS","Wichita",803,147,961
"KS","Wilson",3111,711,3899
"KS","Woodson",1189,283,1495
"KS","Wyandotte",18512,35566,55107
"KY","Adair",7276,1392,8768
"KY","Allen",7587,1642,9364
"KY","Anderson",9661,3348,13254
"KY","Ballard",3356,825,4225
"KY","Barren",14654,5127,20064
"KY","Bath",3986,1573,5627
"KY","Bell",8140,1789,10044
"KY","Boone",44814,20901,66998
"KY","Bourbon",6190,3296,9648
"KY","Boyd",14295,7083,21751
"KY","Boyle",8872,5298,14478
"KY","Bracken",3398,800,4246
"KY","Breathitt",4265,1301,5661
"KY","Breckinridge",7701,2350,10201
"KY","Bullitt",30708,10552,41998
"KY","Butler",4960,1079,6125
"KY","Caldwell",4906,1433,6434
"KY","Calloway",11352,5797,17457
"KY","Campbell",28482,19374,48878
"KY","Carlisle",2159,463,2638
"KY","Carroll",2954,1116,4136
"KY","Carter",8775,2642,11586
"KY","Casey",6179,918,7171
"KY","Christian",15080,8296,23863
"KY","Clark",11811,6004,18139
"KY","Clay",6677,831,7591
"KY","Clinton",4280,603,4932
"KY","Crittenden",3451,731,4242
"KY","Cumberland",2769,508,3309
"KY","Daviess",31025,17286,49287
"KY","Edmonson",4828,1227,6132
"KY","Elliott",2246,712,2995
"KY","Estill",5100,1355,6540
"KY","Fayette",58860,90600,152912
"KY","Fleming",5534,1474,7068
"KY","Floyd",12250,3884,16353
"KY","Franklin",12900,12652,26072
"KY","Fulton",1606,794,2426
"KY","Gallatin",2955,822,3849
"KY","Garrard",6754,1830,8706
"KY","Grant",8725,2205,11108
"KY","Graves",13206,3560,17019
"KY","Grayson",9453,2400,11985
"KY","Green",4838,920,5812
"KY","Greenup",13064,4873,18176
"KY","Hancock",3145,1351,4587
"KY","Hardin",29832,18101,48941
"KY","Harlan",9367,1494,10971
"KY","Harrison",6334,2400,8859
"KY","Hart",6345,1908,8370
"KY","Henderson",12730,7639,20697
"KY","Henry",5843,2142,8110
"KY","Hickman",1714,458,2199
"KY","Hopkins",15757,5439,21512
"KY","Jackson",5453,605,6113
"KY","Jefferson",150646,228358,386629
"KY","Jessamine",17096,8567,26280
"KY","Johnson",8450,1608,10192
"KY","Kenton",48129,32271,82198
"KY","Knott",4780,1412,6252
"KY","Knox",11012,2114,13273
"KY","Larue",5685,1504,7301
"KY","Laurel",23237,4475,28111
"KY","Lawrence",5633,1238,6955
"KY","Lee",2273,481,2801
"KY","Leslie",4321,446,4813
"KY","Letcher",7226,1799,9135
"KY","Lewis",4986,823,5883
"KY","Lincoln",8489,2254,10914
"KY","Livingston",4010,939,5004
"KY","Logan",9067,3094,12350
"KY","Lyon",3100,1092,4228
"KY","McCracken",21820,11195,33549
"KY","McCreary",5664,725,6438
"KY","McLean",3633,1074,4782
"KY","Madison",27356,15581,43957
"KY","Magoffin",4174,1214,5447
"KY","Marion",6113,2722,8928
"KY","Marshall",13297,4071,17603
"KY","Martin",3496,403,3936
"KY","Mason",5477,2362,7958
"KY","Meade",10185,3632,14113
"KY","Menifee",2311,750,3102
"KY","Mercer",8506,3033,11735
"KY","Metcalfe",3959,975,5012
"KY","Monroe",4628,657,5330
"KY","Montgomery",8993,3630,12842
"KY","Morgan",4301,1175,5544
"KY","Muhlenberg",10497,3545,14235
"KY","Nelson",15703,7188,23256
"KY","Nicholas",2408,955,3396
"KY","Ohio",8582,2404,11129
"KY","Oldham",22654,14505,37976
"KY","Owen",4292,1098,5458
"KY","Owsley",1671,216,1896
"KY","Pendleton",5515,1322,6925
"KY","Perry",8129,2356,10626
"KY","Pike",20284,4866,25395
"KY","Powell",4041,1367,5505
"KY","Pulaski",25442,5666,31557
"KY","Robertson",884,253,1146
"KY","Rockcastle",6577,1134,7784
"KY","Rowan",5994,3880,10065
"KY","Russell",7519,1331,8955
"KY","Scott",17767,10567,28969
"KY","Shelby",15055,8077,23550
"KY","Simpson",5888,2681,8732
"KY","Spencer",8737,2530,11433
"KY","Taylor",9376,2963,12517
"KY","Todd",4062,1205,5363
"KY","Trigg",5487,1791,7376
"KY","Trimble",3227,1012,4320
"KY","Union",4965,1529,6577
"KY","Warren",31791,22479,55401
"KY","Washington",4482,1644,6225
"KY","Wayne",7430,1700,9240
"KY","Webster",4506,1412,5993
"KY","Whitley",12567,2552,15356
"KY","Wolfe",2097,839,2979
"KY","Woodford",8362,6530,15211
"LA","Acadia",22596,5443,28425
"LA","Allen",7574,2108,9810
"LA","Ascension",40687,20399,62325
"LA","Assumption",7271,3833,11235
"LA","Avoyelles",12028,4979,17292
"LA","Beauregard",13575,2542,16357
"LA","Bienville",3891,3067,7050
"LA","Bossier",38074,15662,54655
"LA","Caddo",48021,55110,104912
"LA","Calcasieu",55066,25982,82663
"LA","Caldwell",3976,745,4762
"LA","Cameron",3671,324,4039
"LA","Catahoula",3541,1269,4858
"LA","Claiborne",3770,2731,6580
"LA","Concordia",5550,3177,8828
"LA","De",9112,5457,14736
"LA","East",88420,115577,208182
"LA","East",1080,1900,3036
"LA","East",6064,4280,10509
"LA","Evangeline",11053,4158,15412
"LA","Franklin",6970,2658,9720
"LA","Grant",8117,1157,9392
"LA","Iberia",21251,11027,32713
"LA","Iberville",7893,8514,16719
"LA","Jackson",5394,2143,7632
"LA","Jefferson",105949,84477,193733
"LA","Jefferson",11423,3208,14841
"LA","Lafayette",72519,39685,114521
"LA","Lafourche",36024,8672,45388
"LA","LaSalle",6378,638,7077
"LA","Lincoln",11311,7559,19275
"LA","Livingston",54877,9249,65230
"LA","Madison",1930,2654,4670
"LA","Morehouse",6510,4946,11574
"LA","Natchitoches",9358,6896,16554
"LA","Orleans",26664,147854,177819
"LA","Ouachita",42255,25913,69166
"LA","Plaquemines",7412,3414,11014
"LA","Pointe",7503,4683,12371
"LA","Rapides",38347,19475,58865
"LA","Red",2413,1644,4132
"LA","Richland",6607,3225,9940
"LA","Sabine",8776,1731,10596
"LA","St.",11179,6151,17650
"LA","St.",18233,9800,28517
"LA","St.",2714,3346,6158
"LA","St.",5954,6510,12590
"LA","St.",7538,13582,21432
"LA","St.",23171,17372,41154
"LA","St.",18203,8439,27038
"LA","St.",14811,8055,23186
"LA","St.",99666,37746,140110
"LA","Tangipahoa",37806,18887,57661
"LA","Tensas",1197,1329,2554
"LA","Terrebonne",34339,11198,46240
"LA","Union",8407,2654,11201
"LA","Vermilion",21930,5009,27324
"LA","Vernon",14107,2898,17268
"LA","Washington",13307,5970,19513
"LA","Webster",11830,6172,18216
"LA","West",7684,6200,14097
"LA","West",4317,710,5052
"LA","West",3863,2298,6268
"LA","Winn",4619,1543,6225
"ME","Androscoggin",29268,27617,58707
"ME","Aroostook",21080,13956,35746
"ME","Cumberland",59584,128759,193765
"ME","Franklin",8754,8069,17390
"ME","Hancock",14982,19369,35325
"ME","Kennebec",34721,34902,71858
"ME","Knox",9982,15110,25734
"ME","Lincoln",10256,12684,23594
"ME","Oxford",17698,14755,33492
"ME","Penobscot",44825,37713,85269
"ME","Piscataquis",6143,3517,9908
"ME","Sagadahoc",9755,13528,24038
"ME","Somerset",16644,10199,27578
"ME","Waldo",11196,12345,24320
"ME","Washington",10194,6761,17357
"ME","York",54817,71189,129659
"MD","Allegany",20886,9158,30641
"MD","Anne",127821,172823,309617
"MD","Baltimore",146202,258409,414932
"MD","Calvert",25346,22587,49112
"MD","Caroline",10283,5095,15794
"MD","Carroll",60218,36456,100327
"MD","Cecil",29439,16809,47462
"MD","Charles",25579,62171,89498
"MD","Dorchester",8764,6857,15977
"MD","Frederick",63682,77675,145615
"MD","Garrett",12002,3281,15611
"MD","Harford",80930,63095,148186
"MD","Howard",48390,129433,183062
"MD","Kent",5195,5329,10794
"MD","Montgomery",101222,419569,533743
"MD","Prince",37090,379208,424855
"MD","Queen",18741,10709,30290
"MD","St.",30826,23138,55665
"MD","Somerset",5739,4241,10147
"MD","Talbot",10946,11062,22555
"MD","Washington",40224,26044,67779
"MD","Wicomico",22944,22054,46216
"MD","Worcester",18571,12560,31691
"MD","Baltimore",25374,207260,237461
"MA","Barnstable",55311,91994,150325
"MA","Berkshire",18064,51705,71375
"MA","Bristol",119872,153377,279279
"MA","Dukes",2631,9914,12798
"MA","Essex",144837,267198,421210
"MA","Franklin",11201,30030,42458
"MA","Hampden",87318,125948,218177
"MA","Hampshire",22281,63362,87854
"MA","Middlesex",226956,617196,863577
"MA","Nantucket",1914,5241,7306
"MA","Norfolk",125294,273312,407751
"MA","Plymouth",121227,173630,301816
"MA","Suffolk",58613,270522,335462
"MA","Worcester",171683,248773,432014
"MI","Alcona",4848,2142,7064
"MI","Alger",3014,2053,5128
"MI","Allegan",41392,24449,67094
"MI","Alpena",10686,6000,16969
"MI","Antrim",9748,5960,15949
"MI","Arenac",5928,2774,8831
"MI","Baraga",2512,1478,4038
"MI","Barry",23471,11797,35905
"MI","Bay",33125,26151,60255
"MI","Benzie",6601,5480,12262
"MI","Berrien",43519,37438,82391
"MI","Branch",14064,6159,20536
"MI","Calhoun",36221,28877,66281
"MI","Cass",16699,9130,26216
"MI","Charlevoix",9841,6939,17000
"MI","Cheboygan",10186,5437,15868
"MI","Chippewa",10681,6648,17642
"MI","Clare",10861,5199,16281
"MI","Clinton",25098,21968,47927
"MI","Crawford",5087,2672,7861
"MI","Delta",13207,7606,21151
"MI","Dickinson",9617,4744,14589
"MI","Eaton",31798,31299,64327
"MI","Emmet",12135,9662,22177
"MI","Genesee",98714,119390,221360
"MI","Gladwin",9893,4524,14603
"MI","Gogebic",4600,3570,8266
"MI","Grand",30502,28683,60236
"MI","Gratiot",12102,6693,19127
"MI","Hillsdale",17037,5883,23302
"MI","Houghton",10378,7750,18501
"MI","Huron",12731,5490,18437
"MI","Ingham",47639,94212,144550
"MI","Ionia",20657,10901,32209
"MI","Iosco",9759,5373,15363
"MI","Iron",4216,2493,6789
"MI","Isabella",14815,14072,29421
"MI","Jackson",47372,31995,80861
"MI","Kalamazoo",56823,83686,143414
"MI","Kalkaska",7436,3002,10631
"MI","Kent",165741,187915,361048
"MI","Keweenaw",862,672,1557
"MI","Lake",3946,2288,6323
"MI","Lapeer",35482,16367,52650
"MI","Leelanau",7916,8795,16900
"MI","Lenawee",31541,20918,53375
"MI","Livingston",76982,48220,127197
"MI","Luce",2109,842,3001
"MI","Mackinac",4304,2632,7015
"MI","Macomb",263863,223952,494256
"MI","Manistee",8321,6107,14655
"MI","Marquette",16286,20465,37462
"MI","Mason",10207,6802,17254
"MI","Mecosta",13267,7375,21049
"MI","Menominee",8117,4316,12607
"MI","Midland",27675,20493,49088
"MI","Missaukee",6648,1967,8755
"MI","Monroe",52710,32975,87148
"MI","Montcalm",21815,9703,32100
"MI","Montmorency",4171,1628,5859
"MI","Muskegon",45133,45643,92444
"MI","Newaygo",18857,7873,27161
"MI","Oakland",325971,434148,770351
"MI","Oceana",8892,4944,14062
"MI","Ogemaw",8253,3475,11907
"MI","Ontonagon",2358,1391,3804
"MI","Osceola",8928,3214,12329
"MI","Oscoda",3466,1342,4874
"MI","Otsego",9779,4743,14757
"MI","Ottawa",100913,64705,168713
"MI","Presque",5342,2911,8344
"MI","Roscommon",9670,5166,15018
"MI","Saginaw",50785,51088,103349
"MI","St.",59185,31363,92064
"MI","St.",18127,9262,27936
"MI","Sanilac",16194,5966,22446
"MI","Schoolcraft",3090,1589,4745
"MI","Shiawassee",23149,15347,39224
"MI","Tuscola",20297,8712,29445
"MI","Van",21591,16803,39066
"MI","Washtenaw",56241,157136,216418
"MI","Wayne",264553,597170,872469
"MI","Wexford",12102,5838,18265
"MN","Aitkin",6258,3607,10025
"MN","Anoka",104902,100893,211132
"MN","Becker",12438,6589,19401
"MN","Beltrami",12188,11426,24189
"MN","Benton",14382,7280,22260
"MN","Big",1863,1053,2974
"MN","Blue",16731,18330,36051
"MN","Brown",9552,4753,14635
"MN","Carlton",9791,10098,20369
"MN","Carver",34009,30774,66361
"MN","Cass",11620,6342,18289
"MN","Chippewa",4250,2226,6611
"MN","Chisago",21916,11806,34570
"MN","Clay",15043,16357,32239
"MN","Clearwater",3372,1260,4708
"MN","Cook",1203,2496,3806
"MN","Cottonwood",4165,1834,6107
"MN","Crow",25676,13726,40173
"MN","Dakota",109638,146155,262259
"MN","Dodge",7783,4079,12187
"MN","Douglas",15799,7868,24165
"MN","Faribault",5191,2531,7914
"MN","Fillmore",7301,4551,12141
"MN","Freeborn",9578,6889,16818
"MN","Goodhue",16052,11806,28636
"MN","Grant",2269,1300,3654
"MN","Hennepin",205973,532623,755969
"MN","Houston",6334,4853,11440
"MN","Hubbard",8202,4462,12965
"MN","Isanti",16491,7138,24235
"MN","Itasca",15239,10786,26561
"MN","Jackson",3948,1745,5819
"MN","Kanabec",6278,2774,9242
"MN","Kandiyohi",14437,8440,23367
"MN","Kittson",1546,1006,2639
"MN","Koochiching",4131,2659,6922
"MN","Lac",2528,1446,4040
"MN","Lake",3393,3647,7202
"MN","Lake",1704,671,2408
"MN","Le",10775,5672,16818
"MN","Lincoln",2121,937,3115
"MN","Lyon",7979,4634,12893
"MN","McLeod",13986,6413,20933
"MN","Mahnomen",1142,1112,2304
"MN","Marshall",3721,1295,5113
"MN","Martin",7480,3305,11009
"MN","Meeker",9359,3867,13529
"MN","Mille",9952,4404,14689
"MN","Morrison",14821,4367,19558
"MN","Mower",10025,8899,19345
"MN","Murray",3363,1449,4896
"MN","Nicollet",9018,9622,19125
"MN","Nobles",5600,2933,8715
"MN","Norman",1953,1404,3441
"MN","Olmsted",39692,49491,91385
"MN","Otter",23800,11958,36399
"MN","Pennington",4532,2568,7277
"MN","Pine",10256,5419,16001
"MN","Pipestone",3553,1306,4940
"MN","Polk",9865,5439,15594
"MN","Pope",4417,2477,7022
"MN","Ramsey",77376,211620,295977
"MN","Red",1454,691,2196
"MN","Redwood",5771,2355,8284
"MN","Renville",5467,2496,8128
"MN","Rice",17464,17402,35686
"MN","Rock",3583,1556,5240
"MN","Roseau",6065,2188,8421
"MN","St.",49017,67704,119531
"MN","Scott",45872,40040,87965
"MN","Sherburne",36222,18065,55612
"MN","Sibley",5864,2417,8452
"MN","Stearns",50959,31879,84835
"MN","Steele",12656,7917,21128
"MN","Stevens",3044,1922,5085
"MN","Swift",3316,1784,5193
"MN","Todd",9753,3286,13257
"MN","Traverse",1172,661,1864
"MN","Wabasha",8153,4696,13123
"MN","Wadena",5520,2023,7677
"MN","Waseca",6624,3496,10389
"MN","Washington",73764,89165,166786
"MN","Watonwan",3103,1987,5201
"MN","Wilkin",2328,1026,3430
"MN","Winona",13227,13333,27173
"MN","Wright",51973,28430,82426
"MN","Yellow",3734,1688,5528
"MS","Adams",5696,7917,13759
"MS","Alcorn",12818,2782,15811
"MS","Amite",4503,2620,7207
"MS","Attala",5178,3542,8832
"MS","Benton",2570,1679,4292
"MS","Bolivar",4671,8904,13755
"MS","Calhoun",4625,1902,6595
"MS","Carroll",3924,1729,5705
"MS","Chickasaw",4175,3810,8148
"MS","Choctaw",3001,1185,4225
"MS","Claiborne",603,3772,4453
"MS","Clarke",5417,2838,8347
"MS","Clay",4181,5844,10206
"MS","Coahoma",2375,6020,8507
"MS","Copiah",6250,6470,12897
"MS","Covington",5854,3416,9371
"MS","DeSoto",46462,28265,76248
"MS","Forrest",17290,13755,31725
"MS","Franklin",2923,1480,4464
"MS","George",9713,1218,11064
"MS","Greene",4794,966,5816
"MS","Grenada",6081,4734,10919
"MS","Hancock",16132,4504,20957
"MS","Harrison",46822,27728,75865
"MS","Hinds",25141,73550,100191
"MS","Holmes",1369,6588,8115
"MS","Humphreys",1118,3016,4189
"MS","Issaquena",308,355,676
"MS","Itawamba",9438,1249,10826
"MS","Jackson",36295,17375,54623
"MS","Jasper",4302,4341,8742
"MS","Jefferson",531,3327,3911
"MS","Jefferson",2534,3599,6213
"MS","Jones",21226,8517,30091
"MS","Kemper",1787,2887,4732
"MS","Lafayette",12949,10070,23481
"MS","Lamar",20704,7340,28526
"MS","Lauderdale",17967,12960,31266
"MS","Lawrence",4285,2260,6617
"MS","Leake",5228,3897,9204
"MS","Lee",24207,12189,37003
"MS","Leflore",3129,7648,10893
"MS","Lincoln",11596,5040,16818
"MS","Lowndes",13800,13087,27273
"MS","Madison",31091,24440,56335
"MS","Marion",8273,3787,12194
"MS","Marshall",7566,8057,15830
"MS","Monroe",11177,5874,17279
"MS","Montgomery",2917,2121,5078
"MS","Neshoba",8320,3260,11720
"MS","Newton",6997,3075,10189
"MS","Noxubee",1240,4040,5341
"MS","Oktibbeha",9004,10299,19812
"MS","Panola",8060,7403,15635
"MS","Pearl",19595,4148,24056
"MS","Perry",4500,1362,5922
"MS","Pike",8479,8646,17360
"MS","Pontotoc",11550,2614,14377
"MS","Prentiss",8370,2153,10661
"MS","Quitman",1026,2150,3229
"MS","Rankin",50895,18847,70655
"MS","Scott",6285,4330,10744
"MS","Sharkey",688,1465,2183
"MS","Simpson",7635,4037,11820
"MS","Smith",6458,1791,8327
"MS","Stone",5964,1802,7878
"MS","Sunflower",2799,6781,9683
"MS","Tallahatchie",2488,3105,5691
"MS","Tate",8707,4183,13101
"MS","Tippah",8054,1937,10102
"MS","Tishomingo",7933,1059,9147
"MS","Tunica",926,2580,3565
"MS","Union",10373,2160,12683
"MS","Walthall",4220,2835,7122
"MS","Warren",10365,10442,21056
"MS","Washington",5300,12503,18025
"MS","Wayne",6307,3624,10065
"MS","Webster",4291,1043,5402
"MS","Wilkinson",1324,2749,4130
"MS","Winston",5112,4040,9244
"MS","Yalobusha",3671,2785,6538
"MS","Yazoo",4832,5496,10441
"MO","Adair",6413,3710,10336
"MO","Andrew",7255,2351,9752
"MO","Atchison",2199,564,2814
"MO","Audrain",7732,2704,10656
"MO","Barry",12425,2948,15598
"MO","Barton",5168,844,6077
"MO","Bates",6597,1672,8416
"MO","Benton",8109,2180,10476
"MO","Bollinger",5167,750,5983
"MO","Boone",38646,50064,91168
"MO","Buchanan",22450,13445,36598
"MO","Butler",14602,3301,18141
"MO","Caldwell",3725,897,4682
"MO","Callaway",14815,5870,21144
"MO","Camden",18850,5652,24812
"MO","Cape",28907,10760,40328
"MO","Carroll",3706,786,4532
"MO","Carter",2451,418,2897
"MO","Cass",37197,19052,57408
"MO","Cedar",5788,1145,7044
"MO","Chariton",3111,916,4077
"MO","Christian",34920,11131,46839
"MO","Clark",2672,678,3394
"MO","Clay",64605,59400,126569
"MO","Clinton",7799,2896,10888
"MO","Cole",26086,12694,39529
"MO","Cooper",6272,2249,8693
"MO","Crawford",8725,2113,10973
"MO","Dade",3414,656,4119
"MO","Dallas",6619,1380,8104
"MO","Daviess",3102,746,3911
"MO","DeKalb",3828,930,4843
"MO","Dent",5987,1056,7142
"MO","Douglas",5898,1016,7000
"MO","Dunklin",8135,2200,10419
"MO","Franklin",38058,14569,53685
"MO","Gasconade",6222,1601,7923
"MO","Gentry",2581,613,3237
"MO","Greene",83630,55068,141800
"MO","Grundy",3585,799,4437
"MO","Harrison",3198,597,3826
"MO","Henry",8027,2619,10788
"MO","Hickory",3966,1056,5080
"MO","Holt",1976,338,2343
"MO","Howard",3553,1413,5092
"MO","Howell",15181,3218,18650
"MO","Iron",3596,945,4592
"MO","Jackson",126535,199842,333063
"MO","Jasper",37728,13549,52352
"MO","Jefferson",77046,37523,116688
"MO","Johnson",15489,6974,23123
"MO","Knox",1486,340,1854
"MO","Laclede",13762,2780,16793
"MO","Lafayette",12273,4472,17055
"MO","Lawrence",14426,3214,17905
"MO","Lewis",3553,984,4609
"MO","Lincoln",21848,6607,29018
"MO","Linn",4363,1275,5726
"MO","Livingston",5267,1410,6758
"MO","McDonald",7465,1439,9053
"MO","Macon",6076,1662,7836
"MO","Madison",4584,1019,5676
"MO","Maries",3892,814,4771
"MO","Marion",9915,3202,13348
"MO","Mercer",1541,222,1779
"MO","Miller",10176,2038,12382
"MO","Mississippi",3537,1178,4756
"MO","Moniteau",5744,1308,7157
"MO","Monroe",3477,936,4483
"MO","Montgomery",4465,1208,5772
"MO","Morgan",7442,1924,9487
"MO","New",5447,1748,7250
"MO","Newton",22120,5818,28405
"MO","Nodaway",6865,2853,9893
"MO","Oregon",3847,823,4739
"MO","Osage",6425,1037,7539
"MO","Ozark",4064,752,4864
"MO","Pemiscot",4120,1560,5735
"MO","Perry",7657,1664,9447
"MO","Pettis",13854,4783,19097
"MO","Phelps",13480,5637,19568
"MO","Pike",5863,1717,7695
"MO","Platte",28917,27179,57270
"MO","Polk",11850,2885,15064
"MO","Pulaski",10329,3740,14414
"MO","Putnam",1984,361,2361
"MO","Ralls",4396,1205,5662
"MO","Randolph",8018,2485,10744
"MO","Ray",8345,3109,11649
"MO","Reynolds",2733,529,3298
"MO","Ripley",4839,833,5717
"MO","St.",128389,89530,222017
"MO","St.",3932,988,4974
"MO","Ste.",6630,2713,9484
"MO","St.",20511,7044,28001
"MO","St.",199493,328151,536446
"MO","Saline",6451,2904,9519
"MO","Schuyler",1606,373,2003
"MO","Scotland",1560,388,1984
"MO","Scott",13769,3753,17719
"MO","Shannon",3165,706,3906
"MO","Shelby",2700,592,3350
"MO","Stoddard",11484,1819,13426
"MO","Stone",14800,3506,18483
"MO","Sullivan",1974,478,2471
"MO","Taney",20508,5339,26288
"MO","Texas",9478,1716,11315
"MO","Vernon",7155,1903,9185
"MO","Warren",13222,4769,18375
"MO","Washington",8047,1804,9976
"MO","Wayne",4987,845,5878
"MO","Webster",14880,3573,18779
"MO","Worth",877,215,1107
"MO","Wright",7453,1168,8739
"MO","St.",21474,110089,133867
"MT","Beaverhead",3923,1608,5661
"MT","Big",2207,2491,4784
"MT","Blaine",1469,1589,3117
"MT","Broadwater",3173,835,4097
"MT","Carbon",4468,2421,7101
"MT","Carter",775,74,864
"MT","Cascade",23315,15456,39885
"MT","Chouteau",1891,991,2974
"MT","Custer",4205,1514,5883
"MT","Daniels",799,195,1014
"MT","Dawson",3758,962,4837
"MT","Deer",2186,2562,4891
"MT","Fallon",1375,172,1575
"MT","Fergus",4869,1496,6531
"MT","Flathead",38321,20274,60258
"MT","Gallatin",31696,37044,71507
"MT","Garfield",764,41,813
"MT","Glacier",1884,3610,5639
"MT","Golden",414,78,503
"MT","Granite",1419,638,2102
"MT","Hill",3957,2981,7182
"MT","Jefferson",5345,2625,8191
"MT","Judith",1040,275,1344
"MT","Lake",9322,6916,16626
"MT","Lewis",21409,19743,42485
"MT","Liberty",821,249,1083
"MT","Lincoln",8672,2835,11747
"MT","McCone",956,155,1128
"MT","Madison",4191,1771,6113
"MT","Meagher",833,258,1110
"MT","Mineral",1828,686,2563
"MT","Missoula",26347,43357,71986
"MT","Musselshell",2423,413,2881
"MT","Park",6025,5280,11618
"MT","Petroleum",298,39,351
"MT","Phillips",1936,416,2386
"MT","Pondera",2031,903,2995
"MT","Powder",970,154,1136
"MT","Powell",2355,752,3195
"MT","Prairie",603,126,744
"MT","Ravalli",19114,8763,28507
"MT","Richland",4800,875,5798
"MT","Roosevelt",1996,1910,4028
"MT","Rosebud",2486,1199,3784
"MT","Sanders",5660,1820,7652
"MT","Sheridan",1403,574,2030
"MT","Silver",7745,10392,18827
"MT","Stillwater",4462,1156,5741
"MT","Sweet",1840,549,2446
"MT","Teton",2608,1007,3695
"MT","Toole",1596,467,2123
"MT","Treasure",373,78,460
"MT","Valley",3135,1030,4272
"MT","Wheatland",823,225,1068
"MT","Wibaux",516,77,598
"MT","Yellowstone",50772,30679,83821
"NE","Adams",10085,4213,14653
"NE","Antelope",3093,452,3583
"NE","Arthur",260,21,285
"NE","Banner",362,43,411
"NE","Blaine",280,35,317
"NE","Boone",2653,499,3226
"NE","Box",4002,1051,5200
"NE","Boyd",1010,135,1155
"NE","Brown",1470,191,1684
"NE","Buffalo",16640,6350,23711
"NE","Burt",2580,1063,3739
"NE","Butler",3542,873,4518
"NE","Cass",10121,4737,15326
"NE","Cedar",4174,725,5015
"NE","Chase",1740,226,2000
"NE","Cherry",2844,373,3269
"NE","Cheyenne",3813,855,4776
"NE","Clay",2848,632,3570
"NE","Colfax",2636,1025,3726
"NE","Cuming",3507,870,4459
"NE","Custer",5090,786,6010
"NE","Dakota",3926,2744,6817
"NE","Dawes",2931,1082,4151
"NE","Dawson",6524,2497,9191
"NE","Deuel",871,141,1034
"NE","Dixon",2335,651,3094
"NE","Dodge",10984,5544,16938
"NE","Douglas",119159,150350,276540
"NE","Dundy",883,105,1003
"NE","Fillmore",2359,693,3148
"NE","Franklin",1437,276,1728
"NE","Frontier",1229,189,1446
"NE","Furnas",2163,399,2602
"NE","Gage",7445,3385,11119
"NE","Garden",1016,161,1200
"NE","Garfield",933,133,1076
"NE","Gosper",893,215,1121
"NE","Grant",375,20,402
"NE","Greeley",1016,229,1259
"NE","Hall",16189,7681,24450
"NE","Hamilton",4309,1118,5566
"NE","Harlan",1615,282,1934
"NE","Hayes",494,34,536
"NE","Hitchcock",1264,175,1470
"NE","Holt",4769,686,5550
"NE","Hooker",376,59,442
"NE","Howard",2786,648,3511
"NE","Jefferson",2616,1016,3730
"NE","Johnson",1518,647,2233
"NE","Kearney",2822,701,3617
"NE","Keith",3544,763,4369
"NE","Keya",476,49,530
"NE","Kimball",1563,268,1877
"NE","Knox",3721,905,4708
"NE","Lancaster",70092,82293,157215
"NE","Lincoln",13071,3692,17163
"NE","Logan",407,38,450
"NE","Loup",370,75,454
"NE","McPherson",275,17,302
"NE","Madison",11940,3478,15819
"NE","Merrick",3419,743,4282
"NE","Morrill",2113,386,2558
"NE","Nance",1437,359,1832
"NE","Nemaha",2428,921,3432
"NE","Nuckolls",1857,409,2305
"NE","Otoe",5649,2490,8355
"NE","Pawnee",1071,322,1429
"NE","Perkins",1321,199,1545
"NE","Phelps",4157,752,5021
"NE","Pierce",3462,480,4012
"NE","Platte",12186,3260,15721
"NE","Polk",2291,530,2887
"NE","Red",4525,811,5470
"NE","Richardson",3073,996,4134
"NE","Rock",744,84,842
"NE","Saline",3631,1986,5780
"NE","Sarpy",51979,41206,96193
"NE","Saunders",9108,3331,12786
"NE","Scotts",10952,4196,15524
"NE","Seward",6490,2438,9199
"NE","Sheridan",2292,340,2684
"NE","Sherman",1322,343,1700
"NE","Sioux",642,72,731
"NE","Stanton",2561,532,3165
"NE","Thayer",2308,624,2989
"NE","Thomas",377,45,427
"NE","Thurston",1180,1122,2379
"NE","Valley",1901,412,2344
"NE","Washington",8583,3554,12467
"NE","Wayne",3055,1022,4218
"NE","Webster",1511,335,1876
"NE","Wheeler",438,59,503
"NE","York",5337,1630,7161
"NV","Churchill",9372,3051,12890
"NV","Clark",430930,521852,972510
"NV","Douglas",21630,11571,34125
"NV","Elko",16741,4557,21967
"NV","Esmeralda",400,74,487
"NV","Eureka",895,105,1017
"NV","Humboldt",5877,1689,7771
"NV","Lander",2198,496,2765
"NV","Lincoln",2067,330,2446
"NV","Lyon",20914,8473,30238
"NV","Mineral",1423,829,2335
"NV","Nye",17528,7288,25378
"NV","Pershing",1731,547,2320
"NV","Storey",1908,902,2877
"NV","Washoe",116760,128128,252142
"NV","White",3403,859,4369
"NV","Carson",16113,12735,29739
"NH","Belknap",20899,16894,38453
"NH","Carroll",16150,16649,33272
"NH","Cheshire",17892,25506,44206
"NH","Coos",8617,7640,16528
"NH","Grafton",19905,33180,53989
"NH","Hillsborough",104625,122344,231040
"NH","Merrimack",39711,48533,89887
"NH","Rockingham",95858,100064,198943
"NH","Strafford",30489,41721,73729
"NH","Sullivan",11508,12390,24383
"NJ","Atlantic",64438,73808,140441
"NJ","Bergen",204417,285967,497460
"NJ","Burlington",103345,154595,262650
"NJ","Camden",86207,175065,265599
"NJ","Cape",33158,23941,57933
"NJ","Cumberland",28952,32742,62575
"NJ","Essex",75475,266820,345311
"NJ","Gloucester",83340,86702,173453
"NJ","Hudson",65698,181452,250458
"NJ","Hunterdon",43153,39457,84673
"NJ","Mercer",51641,122532,177223
"NJ","Middlesex",143467,226250,375692
"NJ","Monmouth",191808,181291,378390
"NJ","Morris",141134,153881,300917
"NJ","Ocean",217740,119456,342746
"NJ","Passaic",92009,129097,224330
"NJ","Salem",18827,14479,34042
"NJ","Somerset",71996,111173,186891
"NJ","Sussex",51698,34481,88352
"NJ","Union",80002,170245,254041
"NJ","Warren",34769,24901,61057
"NM","Bernalillo",116135,193757,317590
"NM","Catron",1698,595,2326
"NM","Chaves",15656,6381,22443
"NM","Cibola",3975,4745,8903
"NM","Colfax",3271,2611,6016
"NM","Curry",10444,4307,15101
"NM","De",656,231,901
"NM","Doa",32802,47957,82641
"NM","Eddy",17454,5424,23222
"NM","Grant",6553,7590,14435
"NM","Guadalupe",917,1234,2189
"NM","Harding",319,179,505
"NM","Hidalgo",1120,823,1974
"NM","Lea",16531,4061,20918
"NM","Lincoln",6942,3194,10306
"NM","Los",4278,7554,12293
"NM","Luna",4408,3563,8103
"NM","McKinley",7801,18029,26486
"NM","Mora",903,1745,2686
"NM","Otero",14521,8485,23571
"NM","Quay",2634,1170,3873
"NM","Rio",5408,10990,16628
"NM","Roosevelt",4634,1802,6608
"NM","Sandoval",34174,40588,76562
"NM","San",32874,18083,52294
"NM","San",3421,7888,11531
"NM","Santa",18329,62530,82227
"NM","Sierra",3542,2265,5945
"NM","Socorro",3255,3722,7160
"NM","Taos",3715,13121,17181
"NM","Torrance",4772,2344,7281
"NM","Union",1388,383,1789
"NM","Valencia",17364,14263,32277
"NY","Albany",51081,99474,154101
"NY","Allegany",14135,6048,20782
"NY","Bronx",67740,355374,425715
"NY","Broome",43800,47010,92794
"NY","Cattaraugus",22155,11879,34845
"NY","Cayuga",19512,16149,36421
"NY","Chautauqua",34853,23087,59304
"NY","Chemung",21922,16636,39410
"NY","Chenango",13482,8290,22282
"NY","Clinton",16514,18364,35437
"NY","Columbia",14464,20386,35522
"NY","Cortland",10789,10369,21678
"NY","Delaware",13387,9143,23025
"NY","Dutchess",66872,81443,151122
"NY","Erie",197527,267174,473021
"NY","Essex",8976,9947,19259
"NY","Franklin",9668,9253,19268
"NY","Fulton",15378,7931,23744
"NY","Genesee",18876,9625,29217
"NY","Greene",14271,10346,25194
"NY","Hamilton",2225,1178,3460
"NY","Herkimer",18870,9937,29319
"NY","Jefferson",25629,17307,43848
"NY","Kings",202772,703310,913246
"NY","Lewis",8894,3824,12944
"NY","Livingston",18182,12477,31401
"NY","Madison",18408,14807,34038
"NY","Monroe",145661,225746,380983
"NY","Montgomery",12745,7977,21134
"NY","Nassau",326716,396504,732756
"NY","New",85185,603040,694904
"NY","Niagara",56068,46029,104080
"NY","Oneida",57180,41567,100746
"NY","Onondaga",90619,138894,234735
"NY","Ontario",29039,29025,59674
"NY","Orange",84996,84684,172099
"NY","Orleans",12126,5587,18154
"NY","Oswego",32138,21143,54491
"NY","Otsego",14382,12975,28008
"NY","Putnam",29283,24953,54989
"NY","Queens",212665,569038,787860
"NY","Rensselaer",36500,40969,79409
"NY","Richmond",123320,90997,216153
"NY","Rockland",73186,75802,150369
"NY","St.",24608,19361,44907
"NY","Saratoga",61305,68471,132655
"NY","Schenectady",30741,42465,74826
"NY","Schoharie",9903,5345,15710
"NY","Schuyler",5621,3903,9766
"NY","Seneca",8329,6914,15630
"NY","Steuben",29474,15790,46178
"NY","Suffolk",381253,381021,771541
"NY","Sullivan",18665,15489,34647
"NY","Tioga",14791,9634,25044
"NY","Tompkins",11096,33619,45735
"NY","Ulster",37590,57970,97420
"NY","Warren",17699,17642,36131
"NY","Washington",15941,11565,28138
"NY","Wayne",26204,17456,44714
"NY","Westchester",144713,312371,462122
"NY","Wyoming",13898,5073,19399
"NY","Yates",6208,4219,10701
"NC","Alamance",46056,38825,86091
"NC","Alexander",15888,4145,20236
"NC","Alleghany",4527,1486,6076
"NC","Anson",5321,5789,11194
"NC","Ashe",11451,4164,15814
"NC","Avery",7172,2191,9458
"NC","Beaufort",16437,9633,26315
"NC","Bertie",3817,5939,9815
"NC","Bladen",9676,7326,17125
"NC","Brunswick",55850,33310,90175
"NC","Buncombe",62412,96515,161569
"NC","Burke",31019,13118,44602
"NC","Cabarrus",63237,52162,117227
"NC","Caldwell",32119,10245,42829
"NC","Camden",4312,1537,5953
"NC","Carteret",30028,12093,42695
"NC","Caswell",7089,4860,12051
"NC","Catawba",56588,25689,83425
"NC","Chatham",21186,26787,48599
"NC","Cherokee",12628,3583,16423
"NC","Chowan",4471,3247,7784
"NC","Clay",5112,1699,6893
"NC","Cleveland",33798,16955,51308
"NC","Columbus",16832,9446,26446
"NC","Craven",31032,21148,53065
"NC","Cumberland",60032,84469,147150
"NC","Currituck",11657,4195,16147
"NC","Dare",13938,9936,24232
"NC","Davidson",64658,22636,88514
"NC","Davie",18228,6713,25311
"NC","Duplin",13793,8767,22715
"NC","Durham",32459,144688,179914
"NC","Edgecombe",9206,16089,25477
"NC","Forsyth",85064,113033,201270
"NC","Franklin",20901,15879,37351
"NC","Gaston",73033,40959,115498
"NC","Gates",3367,2546,5971
"NC","Graham",3710,905,4665
"NC","Granville",16647,14565,31598
"NC","Greene",4874,3832,8753
"NC","Guilford",107294,173086,284486
"NC","Halifax",10080,15545,25759
"NC","Harnett",35177,22093,58293
"NC","Haywood",22834,13144,36542
"NC","Henderson",40032,27211,68371
"NC","Hertford",3479,7097,10634
"NC","Hoke",9453,11804,21639
"NC","Hyde",1418,1046,2492
"NC","Iredell",67010,33888,102371
"NC","Jackson",11356,9591,21428
"NC","Johnston",68353,41257,111357
"NC","Jones",3280,2197,5525
"NC","Lee",16469,12143,29008
"NC","Lenoir",14590,13605,28409
"NC","Lincoln",36341,13274,50217
"NC","McDowell",16883,5832,23003
"NC","Macon",14211,6230,20743
"NC","Madison",7979,4901,13076
"NC","Martin",6532,5911,12540
"NC","Mecklenburg",179211,378107,567053
"NC","Mitchell",7090,1867,9041
"NC","Montgomery",8411,4327,12849
"NC","Moore",36764,20779,58339
"NC","Nash",25827,25947,52271
"NC","New",63331,66138,131830
"NC","Northampton",3989,6069,10109
"NC","Onslow",46078,24266,72235
"NC","Orange",20176,63594,84997
"NC","Pamlico",4849,2713,7631
"NC","Pasquotank",9770,9832,19897
"NC","Pender",21956,11723,34169
"NC","Perquimans",4903,2492,7484
"NC","Person",13184,8465,21894
"NC","Pitt",38982,47252,87573
"NC","Polk",7689,4518,12358
"NC","Randolph",56894,15618,73316
"NC","Richmond",11830,8754,20763
"NC","Robeson",27806,19020,47188
"NC","Rockingham",31301,15992,47809
"NC","Rowan",49297,23114,73408
"NC","Rutherford",24891,9135,34429
"NC","Sampson",17411,10966,28618
"NC","Scotland",7473,7186,14775
"NC","Stanly",25458,8129,33939
"NC","Stokes",20142,5286,25701
"NC","Surry",27538,8721,36638
"NC","Swain",4161,2780,7068
"NC","Transylvania",11636,8444,20404
"NC","Tyrrell",1044,758,1817
"NC","Union",80382,48725,131011
"NC","Vance",8391,12431,20999
"NC","Wake",226197,393336,631830
"NC","Warren",3752,6400,10293
"NC","Washington",2781,3396,6205
"NC","Watauga",14451,17122,32220
"NC","Wayne",30709,24215,55537
"NC","Wilkes",27592,7511,35466
"NC","Wilson",19581,20754,40735
"NC","Yadkin",15933,3763,19923
"NC","Yancey",7516,3688,11352
"ND","Adams",981,258,1269
"ND","Barnes",3568,1820,5565
"ND","Benson",1094,822,1961
"ND","Billings",541,72,635
"ND","Bottineau",2575,821,3471
"ND","Bowman",1395,228,1657
"ND","Burke",994,137,1155
"ND","Burleigh",34744,14348,50753
"ND","Cass",42619,40311,86053
"ND","Cavalier",1499,474,2020
"ND","Dickey",1742,608,2424
"ND","Divide",904,265,1202
"ND","Dunn",1951,342,2338
"ND","Eddy",854,383,1261
"ND","Emmons",1738,237,2009
"ND","Foster",1362,373,1778
"ND","Golden",871,137,1026
"ND","Grand",16987,12880,30970
"ND","Grant",1145,207,1381
"ND","Griggs",907,308,1250
"ND","Hettinger",1091,196,1312
"ND","Kidder",1215,221,1460
"ND","LaMoure",1645,527,2219
"ND","Logan",930,128,1076
"ND","McHenry",2364,564,3003
"ND","McIntosh",1153,261,1455
"ND","McKenzie",4482,814,5419
"ND","McLean",4198,1230,5536
"ND","Mercer",3856,704,4675
"ND","Morton",12243,3872,16619
"ND","Mountrail",2824,1256,4165
"ND","Nelson",1141,586,1777
"ND","Oliver",918,129,1066
"ND","Pembina",2460,786,3331
"ND","Pierce",1585,497,2128
"ND","Ramsey",3577,1639,5372
"ND","Ransom",1418,945,2454
"ND","Renville",1065,220,1319
"ND","Richland",5072,2510,7812
"ND","Rolette",1257,2482,3804
"ND","Sargent",1266,738,2070
"ND","Sheridan",688,104,812
"ND","Sioux",258,804,1186
"ND","Slope",380,44,427
"ND","Stark",12110,2499,15050
"ND","Steele",652,392,1088
"ND","Stutsman",6994,2676,9959
"ND","Towner",830,317,1174
"ND","Traill",2522,1493,4136
"ND","Walsh",3324,1333,4783
"ND","Ward",19974,7293,28246
"ND","Wells",1893,442,2374
"ND","Williams",11739,2169,14334
"OH","Adams",9870,2156,12145
"OH","Allen",33116,14149,48006
"OH","Ashland",19407,6541,26405
"OH","Ashtabula",26890,16497,44147
"OH","Athens",10862,14772,26059
"OH","Auglaize",20798,4651,25777
"OH","Belmont",23560,9138,33088
"OH","Brown",16480,4380,21096
"OH","Butler",114392,69613,186737
"OH","Carroll",10745,3251,14212
"OH","Champaign",14589,5062,19972
"OH","Clark",39032,24076,64212
"OH","Clermont",74570,34092,110480
"OH","Clinton",15488,4697,20527
"OH","Columbiana",35726,13359,49860
"OH","Coshocton",12325,4125,16739
"OH","Crawford",15436,4916,20686
"OH","Cuyahoga",202699,416176,625670
"OH","Darke",22004,4731,27134
"OH","Defiance",13038,5981,19381
"OH","Delaware",66356,57735,126070
"OH","Erie",22160,17493,40335
"OH","Fairfield",50797,31224,83311
"OH","Fayette",9473,2975,12612
"OH","Franklin",211237,409144,630577
"OH","Fulton",15731,6664,22770
"OH","Gallia",10645,2990,13799
"OH","Geauga",34143,21201,56021
"OH","Greene",52072,34798,88643
"OH","Guernsey",13407,4577,18230
"OH","Hamilton",177886,246266,430929
"OH","Hancock",26310,11757,38771
"OH","Hardin",9949,3062,13247
"OH","Harrison",5792,1768,7655
"OH","Henry",10479,4062,14764
"OH","Highland",15678,3799,19676
"OH","Hocking",9737,3880,13824
"OH","Holmes",10796,1994,12947
"OH","Huron",18956,7759,27190
"OH","Jackson",11309,3311,14794
"OH","Jefferson",22828,10018,33362
"OH","Knox",22340,8589,31398
"OH","Lake",73278,55514,130509
"OH","Lawrence",20306,7489,28127
"OH","Licking",59514,33055,94210
"OH","Logan",17964,5055,23368
"OH","Lorain",79520,75667,157437
"OH","Lucas",81763,115411,200623
"OH","Madison",13835,5698,19855
"OH","Mahoning",59903,57641,118966
"OH","Marion",19023,8269,27818
"OH","Medina",64598,39800,105825
"OH","Meigs",8316,2492,10951
"OH","Mercer",19452,4030,23761
"OH","Miami",41371,15663,57972
"OH","Monroe",5463,1605,7148
"OH","Montgomery",129034,135064,268505
"OH","Morgan",5041,1725,6847
"OH","Morrow",14077,4048,18457
"OH","Muskingum",27867,11971,40465
"OH","Noble",5135,1170,6343
"OH","Ottawa",14628,9008,24007
"OH","Paulding",7086,2213,9467
"OH","Perry",12357,4098,16675
"OH","Pickaway",20593,7304,28271
"OH","Pike",9157,3110,12412
"OH","Portage",45990,35661,82872
"OH","Preble",17022,4493,21809
"OH","Putnam",16412,3195,19921
"OH","Richland",41472,17640,59975
"OH","Ross",22278,10557,33299
"OH","Sandusky",18896,10596,30074
"OH","Scioto",22609,9080,32047
"OH","Seneca",17086,8266,25810
"OH","Shelby",20422,4465,25258
"OH","Stark",111097,75904,189879
"OH","Summit",124833,151668,280473
"OH","Trumbull",55194,44519,101001
"OH","Tuscarawas",30458,12889,44015
"OH","Union",21669,11141,33445
"OH","Van",11650,3067,14965
"OH","Vinton",4632,1331,6030
"OH","Warren",87988,46069,136100
"OH","Washington",22307,9243,32031
"OH","Wayne",36759,16660,54283
"OH","Williams",13452,4842,18651
"OH","Wood",35757,30617,67597
"OH","Wyandot",8462,2733,11390
"OK","Adair",5585,1387,7108
"OK","Alfalfa",1978,232,2262
"OK","Atoka",4557,765,5389
"OK","Beaver",1968,190,2178
"OK","Beckham",6767,1048,7948
"OK","Blaine",3136,688,3901
"OK","Bryan",12344,3323,15976
"OK","Caddo",7013,2670,9859
"OK","Canadian",43550,16742,61940
"OK","Carter",14699,4470,19479
"OK","Cherokee",11223,6027,17714
"OK","Choctaw",4698,1082,5832
"OK","Cimarron",970,70,1054
"OK","Cleveland",66677,49827,119778
"OK","Coal",2091,374,2524
"OK","Comanche",20905,13747,35631
"OK","Cotton",2117,393,2572
"OK","Craig",4686,1217,6032
"OK","Creek",23294,6577,30505
"OK","Custer",8060,2369,10691
"OK","Delaware",13557,3472,17245
"OK","Dewey",2124,214,2359
"OK","Ellis",1688,162,1873
"OK","Garfield",16970,4919,22430
"OK","Garvin",8878,1865,10922
"OK","Grady",18538,4144,23101
"OK","Grant",1916,280,2226
"OK","Greer",1605,328,1973
"OK","Harmon",747,177,933
"OK","Harper",1327,136,1487
"OK","Haskell",4165,783,5014
"OK","Hughes",3875,919,4857
"OK","Jackson",6392,1646,8221
"OK","Jefferson",2026,319,2385
"OK","Johnston",3441,738,4251
"OK","Kay",12834,4040,17249
"OK","Kingfisher",5521,854,6465
"OK","Kiowa",2673,699,3427
"OK","Latimer",3437,762,4249
"OK","Le",15213,3299,18805
"OK","Lincoln",12013,2609,14888
"OK","Logan",15608,5455,21574
"OK","Love",3305,711,4076
"OK","McClain",15295,3582,19236
"OK","McCurtain",9485,1858,11467
"OK","McIntosh",6172,2031,8335
"OK","Major",3084,320,3467
"OK","Marshall",4891,1100,6064
"OK","Mayes",12749,3581,16626
"OK","Murray",4612,1156,5894
"OK","Muskogee",16526,8027,25081
"OK","Noble",3821,1003,4938
"OK","Nowata",3610,712,4391
"OK","Okfuskee",3058,896,4038
"OK","Oklahoma",145050,141724,294740
"OK","Okmulgee",9668,4357,14313
"OK","Osage",14121,6002,20538
"OK","Ottawa",8545,2686,11438
"OK","Pawnee",5267,1363,6786
"OK","Payne",17813,10904,29643
"OK","Pittsburg",13851,3768,17924
"OK","Pontotoc",10805,4117,15320
"OK","Pottawatomie",20240,7275,28185
"OK","Pushmataha",4016,668,4739
"OK","Roger",1629,168,1834
"OK","Rogers",34031,9589,44553
"OK","Seminole",6011,2150,8337
"OK","Sequoyah",12113,3035,15386
"OK","Stephens",15560,3154,19057
"OK","Texas",4505,894,5521
"OK","Tillman",2076,597,2708
"OK","Tulsa",150574,108996,266678
"OK","Wagoner",26165,8464,35338
"OK","Washington",17076,5790,23501
"OK","Washita",4086,598,4777
"OK","Woods",2993,591,3678
"OK","Woodward",6611,1005,7785
"OR","Baker",7352,2346,9932
"OR","Benton",14878,35827,52799
"OR","Clackamas",110509,139043,257679
"OR","Clatsop",10218,12916,23910
"OR","Columbia",17150,13835,32221
"OR","Coos",21829,14243,37075
"OR","Crook",11287,3801,15448
"OR","Curry",8484,6058,14925
"OR","Deschutes",55646,65962,125234
"OR","Douglas",43298,19160,64349
"OR","Gilliam",834,324,1178
"OR","Grant",3545,929,4596
"OR","Harney",3475,894,4481
"OR","Hood",3955,8764,13090
"OR","Jackson",63869,59478,127165
"OR","Jefferson",7189,4393,11913
"OR","Josephine",31751,18451,51641
"OR","Klamath",25308,10388,36726
"OR","Lake",3470,792,4363
"OR","Lane",80336,134366,222253
"OR","Lincoln",12460,17385,30726
"OR","Linn",43486,26512,72640
"OR","Malheur",8187,3260,11804
"OR","Marion",79002,80872,165534
"OR","Morrow",3586,1371,5118
"OR","Multnomah",82995,367249,463659
"OR","Polk",23732,22917,48291
"OR","Sherman",921,260,1208
"OR","Tillamook",8354,8066,16888
"OR","Umatilla",21270,10707,33038
"OR","Union",10298,4254,14944
"OR","Wallowa",3404,1625,5149
"OR","Wasco",7035,6604,14130
"OR","Washington",99073,209940,320326
"OR","Wheeler",711,217,965
"OR","Yamhill",29551,27174,58923
"PA","Adams",37523,18207,56714
"PA","Allegheny",282913,430759,724800
"PA","Armstrong",27489,8457,36370
"PA","Beaver",54759,38122,94122
"PA","Bedford",23025,4367,27574
"PA","Berks",109736,92895,205540
"PA","Blair",45306,17636,63595
"PA","Bradford",21600,8046,30159
"PA","Bucks",187367,204712,396234
"PA","Butler",74359,37508,113305
"PA","Cambria",48085,21730,70574
"PA","Cameron",1771,634,2434
"PA","Carbon",21984,11212,33629
"PA","Centre",36372,40055,77493
"PA","Chester",128565,182372,315753
"PA","Clarion",14578,4678,19493
"PA","Clearfield",29203,9673,39496
"PA","Clinton",11902,5502,17625
"PA","Columbia",20098,10532,31171
"PA","Crawford",28559,12924,42004
"PA","Cumberland",77212,62245,141595
"PA","Dauphin",66408,78983,147368
"PA","Delaware",118532,206423,329006
"PA","Elk",12140,4522,16906
"PA","Erie",66869,68286,137083
"PA","Fayette",41227,20444,62139
"PA","Forest",1882,728,2646
"PA","Franklin",57245,22422,80783
"PA","Fulton",6824,1085,7977
"PA","Greene",12579,4911,17669
"PA","Huntingdon",17061,5445,22792
"PA","Indiana",28089,12634,41198
"PA","Jefferson",17960,4527,22824
"PA","Juniata",9649,2253,12043
"PA","Lackawanna",52334,61991,115410
"PA","Lancaster",160209,115847,281375
"PA","Lawrence",29597,15978,46076
"PA","Lebanon",46731,23932,71858
"PA","Lehigh",84259,98288,184713
"PA","Luzerne",86929,64873,153321
"PA","Lycoming",41462,16971,59254
"PA","McKean",14083,5098,19466
"PA","Mercer",36143,21067,57954
"PA","Mifflin",16670,4603,21502
"PA","Monroe",38726,44060,83829
"PA","Montgomery",185460,319511,510157
"PA","Montour",5844,3771,9817
"PA","Northampton",83854,85087,171399
"PA","Northumberland",28952,12677,42283
"PA","Perry",18293,5950,24652
"PA","Philadelphia",132740,603790,741377
"PA","Pike",19213,13019,32554
"PA","Potter",7239,1726,9064
"PA","Schuylkill",48871,20727,70603
"PA","Snyder",13983,4910,19140
"PA","Somerset",31466,8654,40543
"PA","Sullivan",2619,921,3595
"PA","Susquehanna",15207,6236,21752
"PA","Tioga",15742,4955,21075
"PA","Union",12356,7475,20115
"PA","Venango",18569,7585,26528
"PA","Warren",14237,6066,20650
"PA","Washington",72080,45088,118478
"PA","Wayne",18637,9191,28089
"PA","Westmoreland",130218,72129,205183
"PA","Wyoming",9936,4704,14858
"PA","York",146733,88114,238471
"RI","Bristol",9745,18050,28415
"RI","Kent",42001,49113,93093
"RI","Newport",15722,29486,46148
"RI","Providence",102551,165012,272667
"RI","Washington",29818,44549,76060
"SC","Abbeville",8215,4101,12433
"SC","Aiken",51589,32275,85185
"SC","Allendale",835,2718,3593
"SC","Anderson",67565,27169,96093
"SC","Bamberg",2417,4010,6482
"SC","Barnwell",5492,4720,10321
"SC","Beaufort",53194,43419,97835
"SC","Berkeley",57397,45223,104458
"SC","Calhoun",4305,3905,8291
"SC","Charleston",93297,121485,218857
"SC","Cherokee",18043,6983,25270
"SC","Chester",8660,6941,15757
"SC","Chesterfield",11297,7431,18876
"SC","Clarendon",8361,8250,16733
"SC","Colleton",10440,8602,19283
"SC","Darlington",16832,15220,32417
"SC","Dillon",6582,6436,13101
"SC","Dorchester",41913,33824,77278
"SC","Edgefield",8184,4953,13304
"SC","Fairfield",4625,7382,12136
"SC","Florence",32615,31153,64510
"SC","Georgetown",20487,15822,36668
"SC","Greenville",150021,103030,258155
"SC","Greenwood",19431,12145,32006
"SC","Hampton",3906,5323,9305
"SC","Horry",118821,59180,179744
"SC","Jasper",7078,7185,14394
"SC","Kershaw",20471,12699,33629
"SC","Lancaster",30312,18937,49868
"SC","Laurens",20004,10159,30488
"SC","Lee",3008,5329,8431
"SC","Lexington",92817,49301,144568
"SC","McCormick",2958,2687,5697
"SC","Marion",5711,8872,14704
"SC","Marlboro",5044,6290,11446
"SC","Newberry",11443,6958,18631
"SC","Oconee",29698,10414,40668
"SC","Orangeburg",13603,27295,41205
"SC","Pickens",42907,13645,57546
"SC","Richland",58313,132570,193822
"SC","Saluda",6210,2963,9274
"SC","Spartanburg",93560,52926,148655
"SC","Sumter",21000,27379,48920
"SC","Union",8183,4935,13257
"SC","Williamsburg",5532,10289,15985
"SC","York",82727,59008,144050
"SD","Aurora",1052,317,1405
"SD","Beadle",4808,2107,7081
"SD","Bennett",694,466,1183
"SD","Bon",2235,721,3001
"SD","Brookings",8000,6110,14567
"SD","Brown",10580,6538,17547
"SD","Brule",1750,673,2490
"SD","Buffalo",183,352,549
"SD","Butte",3731,939,4802
"SD","Campbell",747,117,873
"SD","Charles",2552,1177,3783
"SD","Clark",1373,437,1850
"SD","Clay",2456,3083,5698
"SD","Codington",8958,3837,13161
"SD","Corson",647,622,1283
"SD","Custer",3852,1522,5494
"SD","Davison",5613,2648,8454
"SD","Day",1869,1052,2964
"SD","Deuel",1699,609,2350
"SD","Dewey",790,1131,1966
"SD","Douglas",1468,216,1707
"SD","Edmunds",1538,417,1985
"SD","Fall",2878,1053,4042
"SD","Faulk",964,198,1182
"SD","Grant",2618,1056,3745
"SD","Gregory",1771,455,2258
"SD","Haakon",1026,105,1137
"SD","Hamlin",2372,647,3083
"SD","Hand",1433,373,1836
"SD","Hanson",1793,557,2388
"SD","Harding",748,49,813
"SD","Hughes",5522,2953,8723
"SD","Hutchinson",2944,762,3767
"SD","Hyde",564,136,710
"SD","Jackson",738,359,1115
"SD","Jerauld",721,270,1006
"SD","Jones",498,90,599
"SD","Kingsbury",1904,819,2779
"SD","Lake",3681,2068,5873
"SD","Lawrence",8753,4537,13828
"SD","Lincoln",19617,11981,32396
"SD","Lyman",1042,525,1597
"SD","McCook",2068,769,2900
"SD","McPherson",1075,222,1324
"SD","Marshall",1287,858,2178
"SD","Meade",9875,3285,13670
"SD","Mellette",449,298,769
"SD","Miner",787,320,1138
"SD","Minnehaha",49249,40482,92326
"SD","Moody",1951,1179,3206
"SD","Oglala",297,2829,3200
"SD","Pennington",35063,20606,57518
"SD","Perkins",1401,239,1669
"SD","Potter",1139,227,1380
"SD","Roberts",2404,1828,4307
"SD","Sanborn",905,257,1185
"SD","Spink",2104,998,3163
"SD","Stanley",1203,421,1652
"SD","Sully",726,185,930
"SD","Todd",532,1963,2539
"SD","Tripp",2161,495,2696
"SD","Turner",3290,1139,4548
"SD","Union",5944,2725,8855
"SD","Walworth",1966,565,2580
"SD","Yankton",6581,4016,10900
"SD","Ziebach",404,481,906
"TN","Anderson",23184,11741,35570
"TN","Bedford",14354,4453,19088
"TN","Benton",5668,1529,7260
"TN","Bledsoe",4725,971,5758
"TN","Blount",47369,17932,66609
"TN","Bradley",35204,9851,45865
"TN","Campbell",12331,2441,14933
"TN","Cannon",5190,1261,6557
"TN","Carroll",9205,2559,11905
"TN","Carter",19584,4529,24492
"TN","Cheatham",14438,5514,20260
"TN","Chester",5952,1412,7584
"TN","Claiborne",10604,2202,12945
"TN","Clay",2733,735,3506
"TN","Cocke",12162,2533,14859
"TN","Coffee",17883,5705,24282
"TN","Crockett",4673,1382,6114
"TN","Cumberland",25168,6728,32279
"TN","Davidson",100218,199703,309658
"TN","Decatur",4229,904,5241
"TN","DeKalb",6672,1750,8513
"TN","Dickson",17643,6106,24323
"TN","Dyer",11768,3158,15079
"TN","Fayette",15690,7027,22984
"TN","Fentress",7441,1214,8729
"TN","Franklin",13987,4864,19132
"TN","Gibson",16259,5771,22335
"TN","Giles",9784,3298,13203
"TN","Grainger",8565,1467,10134
"TN","Greene",22259,5199,28087
"TN","Grundy",4802,988,5855
"TN","Hamblen",18811,5500,24631
"TN","Hamilton",92108,75522,171113
"TN","Hancock",2372,362,2744
"TN","Hardeman",5760,4180,10063
"TN","Hardin",9559,1775,11538
"TN","Hawkins",20405,4083,24824
"TN","Haywood",3343,4012,7439
"TN","Henderson",9797,2092,12020
"TN","Henry",11239,3548,15047
"TN","Hickman",7577,2130,9832
"TN","Houston",2718,871,3686
"TN","Humphreys",6120,2017,8236
"TN","Jackson",4118,1135,5323
"TN","Jefferson",18651,4654,23616
"TN","Johnson",6468,1246,7801
"TN","Knox",124540,91422,220556
"TN","Lake",1492,526,2034
"TN","Lauderdale",5674,3193,8965
"TN","Lawrence",15334,3195,18718
"TN","Lewis",4474,1072,5609
"TN","Lincoln",12281,2919,15608
"TN","Loudon",21713,6948,29347
"TN","McMinn",18198,4361,22844
"TN","McNairy",9093,1943,11275
"TN","Macon",8096,1307,9487
"TN","Madison",23943,18390,42950
"TN","Marion",9911,3177,13256
"TN","Marshall",11043,3605,14878
"TN","Maury",31464,14418,46657
"TN","Meigs",4467,1008,5532
"TN","Monroe",16783,3764,20797
"TN","Montgomery",42187,32472,76758
"TN","Moore",2888,573,3539
"TN","Morgan",6930,1167,8228
"TN","Obion",10790,2589,13521
"TN","Overton",7918,2033,10037
"TN","Perry",2775,615,3428
"TN","Pickett",2381,525,2931
"TN","Polk",6792,1492,8360
"TN","Putnam",23759,9185,33593
"TN","Rhea",11050,2369,13637
"TN","Roane",19230,6043,25917
"TN","Robertson",24536,8692,33717
"TN","Rutherford",81480,59341,143878
"TN","Scott",8004,986,9052
"TN","Sequatchie",5855,1298,7252
"TN","Sevier",33783,8721,43535
"TN","Shelby",129815,246105,382055
"TN","Smith",7136,1802,9051
"TN","Stewart",4950,1232,6296
"TN","Sullivan",55860,17272,74357
"TN","Sumner",63454,27680,92630
"TN","Tipton",20070,6837,27308
"TN","Trousdale",2936,1012,3998
"TN","Unicoi",6599,1615,8307
"TN","Union",6803,1249,8123
"TN","Van",2342,544,2921
"TN","Warren",11850,3924,16009
"TN","Washington",40444,18638,60203
"TN","Wayne",5795,820,6669
"TN","Weakley",10396,3020,13735
"TN","White",9606,2143,11895
"TN","Williamson",86469,50161,139016
"TN","Wilson",50296,22254,74330
"TX","Anderson",15110,3955,19227
"TX","Andrews",4943,850,5863
"TX","Angelina",25076,9143,34574
"TX","Aransas",9239,2916,12290
"TX","Archer",4300,446,4796
"TX","Armstrong",1035,75,1112
"TX","Atascosa",12039,5876,18118
"TX","Austin",11447,2951,14554
"TX","Bailey",1434,409,1860
"TX","Bandera",10057,2505,12715
"TX","Bastrop",20516,15474,36665
"TX","Baylor",1494,183,1702
"TX","Bee",6006,3288,9420
"TX","Bell",67893,57014,127375
"TX","Bexar",308618,448452,768952
"TX","Blanco",5443,1911,7441
"TX","Borden",397,16,416
"TX","Bosque",7469,1561,9126
"TX","Bowie",27116,10747,38261
"TX","Brazoria",90433,62228,154984
"TX","Brazos",47530,35349,85061
"TX","Brewster",2461,2258,4822
"TX","Briscoe",639,78,725
"TX","Brooks",998,1470,2484
"TX","Brown",13698,2107,15969
"TX","Burleson",6743,1788,8609
"TX","Burnet",18767,5639,24717
"TX","Caldwell",8031,6672,14973
"TX","Calhoun",5641,2148,7856
"TX","Callahan",6012,734,6832
"TX","Cameron",49032,64063,114174
"TX","Camp",3626,1394,5060
"TX","Carson",2779,297,3122
"TX","Cass",11033,2795,13927
"TX","Castro",1602,466,2083
"TX","Chambers",17353,3997,21652
"TX","Cherokee",15101,4210,19508
"TX","Childress",1943,310,2279
"TX","Clay",5069,614,5741
"TX","Cochran",809,177,1000
"TX","Coke",1586,178,1779
"TX","Coleman",3641,451,4124
"TX","Collin",252318,230945,492216
"TX","Collingsworth",1048,155,1218
"TX","Colorado",7472,2420,9975
"TX","Comal",62740,24826,88863
"TX","Comanche",5177,853,6086
"TX","Concho",1058,197,1268
"TX","Cooke",15596,3210,18988
"TX","Coryell",15438,7565,23490
"TX","Cottle",540,113,662
"TX","Crane",1247,241,1503
"TX","Crockett",1220,344,1574
"TX","Crosby",1396,527,1953
"TX","Culberson",415,438,864
"TX","Dallam",1389,197,1609
"TX","Dallas",307076,598576,921638
"TX","Dawson",2951,808,3789
"TX","Deaf",3294,1264,4610
"TX","Delta",2162,403,2592
"TX","Denton",222480,188695,417964
"TX","DeWitt",6567,1494,8118
"TX","Dickens",853,130,988
"TX","Dimmit",1384,2264,3666
"TX","Donley",1438,198,1648
"TX","Duval",2443,2575,5053
"TX","Eastland",7237,983,8292
"TX","Ector",32697,11367,44581
"TX","Edwards",893,168,1066
"TX","Ellis",56717,27565,85493
"TX","El",84331,178126,267215
"TX","Erath",13684,2916,16853
"TX","Falls",4177,1899,6133
"TX","Fannin",12171,2655,15004
"TX","Fayette",10171,2661,12941
"TX","Fisher",1448,352,1826
"TX","Floyd",1584,438,2039
"TX","Foard",445,99,551
"TX","Fort",157718,195552,357514
"TX","Franklin",4161,804,5009
"TX","Freestone",6991,1635,8711
"TX","Frio",2823,2422,5279
"TX","Gaines",5355,576,5995
"TX","Galveston",93911,58842,155060
"TX","Garza",1413,231,1653
"TX","Gillespie",12514,3176,15846
"TX","Glasscock",611,39,653
"TX","Goliad",3085,877,3988
"TX","Gonzales",5627,1948,7647
"TX","Gray",6840,829,7782
"TX","Grayson",44163,14506,59439
"TX","Gregg",32493,14796,47982
"TX","Grimes",9432,2833,12413
"TX","Guadalupe",47553,28805,77592
"TX","Hale",7177,2279,9584
"TX","Hall",995,168,1168
"TX","Hamilton",3616,641,4349
"TX","Hansford",1849,166,2047
"TX","Hardeman",1330,241,1580
"TX","Hardin",23858,3474,27635
"TX","Harris",700630,918193,1640818
"TX","Harrison",21466,7908,29710
"TX","Hartley",1868,195,2078
"TX","Haskell",1840,353,2214
"TX","Hays",47680,59524,109357
"TX","Hemphill",1486,206,1720
"TX","Henderson",28911,7060,36310
"TX","Hidalgo",90527,128199,220884
"TX","Hill",11926,2860,14931
"TX","Hockley",6536,1482,8095
"TX","Hood",26496,5648,32541
"TX","Hopkins",12719,3046,15939
"TX","Houston",7060,2314,9437
"TX","Howard",8054,2069,10240
"TX","Hudspeth",779,371,1165
"TX","Hunt",29163,8906,38574
"TX","Hutchinson",7681,965,8771
"TX","Irion",759,120,889
"TX","Jack",3418,331,3782
"TX","Jackson",5231,1033,6340
"TX","Jasper",12542,2954,15608
"TX","Jeff",784,501,1305
"TX","Jefferson",47570,46073,94739
"TX","Jim",833,1197,2036
"TX","Jim",7453,6119,13669
"TX","Johnson",54628,16464,72005
"TX","Jones",5660,999,6741
"TX","Karnes",3968,1234,5249
"TX","Kaufman",37624,18405,56703
"TX","Kendall",20083,6020,26438
"TX","Kenedy",127,65,194
"TX","Kent",411,47,462
"TX","Kerr",20879,6524,27745
"TX","Kimble",1987,284,2292
"TX","King",151,8,159
"TX","Kinney",1144,446,1603
"TX","Kleberg",5504,5314,10944
"TX","Knox",1180,265,1456
"TX","Lamar",16760,4458,21418
"TX","Lamb",3521,840,4408
"TX","Lampasas",8086,2144,10399
"TX","La",1335,1052,2406
"TX","Lavaca",8804,1333,10197
"TX","Lee",6255,1750,8086
"TX","Leon",7523,1072,8674
"TX","Liberty",23302,5785,29334
"TX","Limestone",6789,2213,9095
"TX","Lipscomb",1205,131,1353
"TX","Live",4199,819,5054
"TX","Llano",10079,2465,12660
"TX","Loving",60,4,66
"TX","Lubbock",78861,40017,120771
"TX","Lynn",1853,428,2293
"TX","McCulloch",2904,490,3436
"TX","McLennan",59543,36688,97771
"TX","McMullen",460,53,516
"TX","Madison",4169,1088,5297
"TX","Marion",3470,1339,4864
"TX","Martin",1857,288,2160
"TX","Mason",1991,457,2474
"TX","Matagorda",9845,3733,13726
"TX","Maverick",6881,8332,15346
"TX","Medina",15642,6773,22644
"TX","Menard",823,197,1028
"TX","Midland",45624,12329,58856
"TX","Milam",7984,2496,10576
"TX","Mills",2217,271,2505
"TX","Mitchell",2170,397,2579
"TX","Montague",8615,1097,9814
"TX","Montgomery",193382,74377,271451
"TX","Moore",4359,1062,5508
"TX","Morris",3872,1669,5587
"TX","Motley",604,46,652
"TX","Nacogdoches",17378,9000,26763
"TX","Navarro",13800,5101,19121
"TX","Newton",4882,1173,6094
"TX","Nolan",4131,1162,5356
"TX","Nueces",64617,60925,127314
"TX","Ochiltree",2812,302,3156
"TX","Oldham",917,81,1009
"TX","Orange",29186,6357,35994
"TX","Palo",10179,2178,12485
"TX","Panola",9326,2057,11451
"TX","Parker",62045,13017,76128
"TX","Parmer",2135,488,2650
"TX","Pecos",3215,1382,4668
"TX","Polk",18573,5387,24181
"TX","Potter",22820,9921,33321
"TX","Presidio",721,1463,2217
"TX","Rains",5155,842,6053
"TX","Randall",50796,12802,64674
"TX","Reagan",942,172,1124
"TX","Real",1643,320,1982
"TX","Red",4517,1246,5806
"TX","Reeves",2254,1395,3687
"TX","Refugio",2210,1108,3366
"TX","Roberts",529,17,550
"TX","Robertson",5646,2374,8099
"TX","Rockwall",36726,16412,53891
"TX","Runnels",3807,552,4409
"TX","Rusk",16534,4629,21368
"TX","Sabine",4784,669,5487
"TX","San",3007,980,4002
"TX","San",10161,2337,12638
"TX","San",16516,8988,25888
"TX","San",2308,287,2602
"TX","Schleicher",940,211,1159
"TX","Scurry",4983,818,5869
"TX","Shackelford",1484,130,1628
"TX","Shelby",7975,2068,10084
"TX","Sherman",886,91,991
"TX","Smith",69080,29615,100075
"TX","Somervell",4105,768,4947
"TX","Starr",8247,9123,17525
"TX","Stephens",3385,397,3800
"TX","Sterling",584,51,639
"TX","Stonewall",615,116,736
"TX","Sutton",1222,322,1557
"TX","Swisher",1845,478,2355
"TX","Tarrant",409741,411567,834697
"TX","Taylor",39547,14588,55112
"TX","Terrell",334,119,458
"TX","Terry",2812,757,3612
"TX","Throckmorton",806,82,899
"TX","Titus",7570,2856,10539
"TX","Tom",32313,12239,45210
"TX","Travis",161337,435860,610349
"TX","Trinity",5579,1323,6938
"TX","Tyler",8194,1403,9660
"TX","Upshur",15809,2877,18887
"TX","Upton",1178,170,1368
"TX","Uvalde",6174,4073,10342
"TX","Val",8284,6771,15272
"TX","Van",22270,3516,25994
"TX","Victoria",23358,10380,34188
"TX","Walker",15375,7884,23612
"TX","Waller",14260,8191,22734
"TX","Ward",3241,764,4060
"TX","Washington",12959,4261,17418
"TX","Webb",25898,41820,68397
"TX","Wharton",11926,4694,16761
"TX","Wheeler",2159,168,2337
"TX","Wichita",32069,13161,46030
"TX","Wilbarger",3524,956,4524
"TX","Willacy",2441,3108,5549
"TX","Williamson",139729,143795,289312
"TX","Wilson",18463,6350,25013
"TX","Winkler",1753,358,2126
"TX","Wise",27032,4973,32362
"TX","Wood",19049,3509,22779
"TX","Yoakum",2174,420,2631
"TX","Young",7110,1034,8239
"TX","Zapata",2033,1826,3874
"TX","Zavala",1490,2864,4379
"UT","Beaver",2695,357,3100
"UT","Box",21548,4473,27027
"UT","Cache",38032,16650,57571
"UT","Carbon",6693,2392,9369
"UT","Daggett",496,111,619
"UT","Davis",104135,57411,169895
"UT","Duchesne",7513,843,8524
"UT","Emery",4207,572,4865
"UT","Garfield",2158,514,2732
"UT","Grand",2248,2806,5185
"UT","Iron",18989,4892,24890
"UT","Juab",5087,645,5866
"UT","Kane",2998,1083,4180
"UT","Millard",5404,624,6160
"UT","Morgan",5181,1086,6512
"UT","Piute",773,86,871
"UT","Rich",1157,180,1363
"UT","Salt",230174,289906,541175
"UT","San",3535,3113,6878
"UT","Sanpete",10459,1794,12631
"UT","Sevier",9052,1084,10363
"UT","Summit",10252,15244,26088
"UT","Tooele",21014,8943,31518
"UT","Uintah",13261,1663,15307
"UT","Utah",192812,76033,284480
"UT","Wasatch",10795,6187,17581
"UT","Washington",67294,20530,90476
"UT","Wayne",1229,365,1621
"UT","Weber",65949,40695,111442
"VT","Addison",6292,14967,22022
"VT","Bennington",7114,12705,20462
"VT","Caledonia",6551,9011,16169
"VT","Chittenden",21017,74961,98915
"VT","Essex",1773,1405,3288
"VT","Franklin",11274,13611,25830
"VT","Grand",1810,2905,4851
"VT","Lamoille",4163,10240,14915
"VT","Orange",6187,10304,17122
"VT","Orleans",6512,7147,14096
"VT","Rutland",14672,18230,33970
"VT","Washington",8928,25191,35307
"VT","Windham",6440,18767,26035
"VT","Windsor",9971,23376,34446
"VA","Accomack",9172,7578,16962
"VA","Albemarle",20804,42466,64657
"VA","Alleghany",5859,2243,8203
"VA","Amelia",5390,2411,7893
"VA","Amherst",11041,5672,17005
"VA","Appomattox",6702,2418,9268
"VA","Arlington",22318,105344,130699
"VA","Augusta",30714,10840,42278
"VA","Bath",1834,646,2501
"VA","Bedford",35600,12176,48669
"VA","Bland",2903,532,3479
"VA","Botetourt",15099,5700,21120
"VA","Brunswick",3357,4552,7948
"VA","Buchanan",8311,1587,9953
"VA","Buckingham",4544,3471,8126
"VA","Campbell",21245,8070,29892
"VA","Caroline",8336,7657,16288
"VA","Carroll",12659,2842,15651
"VA","Charles",1761,2624,4441
"VA","Charlotte",3815,2317,6191
"VA","Chesterfield",93326,106935,203884
"VA","Clarke",5192,3920,9337
"VA","Craig",2536,587,3169
"VA","Culpeper",16012,10617,27116
"VA","Cumberland",3019,2227,5310
"VA","Dickenson",5748,1503,7303
"VA","Dinwiddie",8695,6224,15092
"VA","Essex",3075,3038,6178
"VA","Fairfax",168401,419943,600823
"VA","Fauquier",25106,17565,43661
"VA","Floyd",6225,3004,9408
"VA","Fluvanna",8155,7414,15840
"VA","Franklin",20895,8381,29702
"VA","Frederick",30558,17207,48703
"VA","Giles",6876,2156,9176
"VA","Gloucester",14875,6964,22282
"VA","Goochland",9966,6685,16950
"VA","Grayson",6529,1535,8131
"VA","Greene",6866,4163,11311
"VA","Greensville",1914,2627,4574
"VA","Halifax",10418,7666,18248
"VA","Hanover",44318,25307,70967
"VA","Henrico",63440,116572,183152
"VA","Henry",16725,9127,26105
"VA","Highland",1092,417,1533
"VA","Isle",13707,9399,23456
"VA","James",23153,25553,49622
"VA","King",2450,1590,4115
"VA","King",8446,5404,14224
"VA","King",7320,3260,10736
"VA","Lancaster",3697,3368,7152
"VA","Lee",8365,1489,9946
"VA","Loudoun",82088,138372,224862
"VA","Louisa",13294,8269,21915
"VA","Lunenburg",3537,2418,6000
"VA","Madison",5300,2698,8129
"VA","Mathews",3901,1825,5826
"VA","Mecklenburg",9266,6803,16204
"VA","Middlesex",4196,2491,6785
"VA","Montgomery",20629,23218,45037
"VA","Nelson",4812,4327,9316
"VA","New",9631,4621,14463
"VA","Northampton",2955,3667,6732
"VA","Northumberland",4485,3252,7815
"VA","Nottoway",4027,2971,7078
"VA","Orange",12426,7995,20742
"VA","Page",9345,3007,12514
"VA","Patrick",7485,1954,9534
"VA","Pittsylvania",23751,10115,34227
"VA","Powhatan",14055,5320,19730
"VA","Prince",4434,4973,9574
"VA","Prince",10103,7103,17432
"VA","Prince",81222,142863,228056
"VA","Pulaski",12127,4925,17376
"VA","Rappahannock",2812,2096,4978
"VA","Richmond",2547,1513,4102
"VA","Roanoke",34268,21801,57184
"VA","Rockbridge",8088,4086,12373
"VA","Rockingham",30349,12644,43811
"VA","Russell",10879,2373,13386
"VA","Scott",9063,1692,10869
"VA","Shenandoah",16463,6836,23684
"VA","Smyth",10963,3008,14136
"VA","Southampton",5730,3969,9786
"VA","Spotsylvania",39411,34307,75317
"VA","Stafford",37636,40245,79625
"VA","Surry",2025,2397,4471
"VA","Sussex",2219,2827,5088
"VA","Tazewell",16731,3205,20134
"VA","Warren",14069,6603,21147
"VA","Washington",21679,6617,28685
"VA","Westmoreland",5318,4501,9933
"VA","Wise",13366,3110,16615
"VA","Wythe",11733,3143,15072
"VA","York",20241,17683,38787
"VA","Alexandria",14544,66240,82508
"VA","Bristol",5347,2313,7806
"VA","Buena",1863,825,2776
"VA","Charlottesville",3094,20696,24205
"VA","Chesapeake",58180,66377,127108
"VA","Colonial",6007,2972,9146
"VA","Covington",1580,964,2603
"VA","Danville",7428,11710,19389
"VA","Emporia",754,1612,2381
"VA","Fairfax",4007,9174,13483
"VA","Falls",1490,7146,8819
"VA","Franklin",1487,2525,4058
"VA","Fredericksburg",4037,8517,12862
"VA","Galax",1838,777,2638
"VA","Hampton",18430,46220,65901
"VA","Harrisonburg",5591,11022,17086
"VA","Hopewell",4020,5430,9608
"VA","Lexington",906,1791,2762
"VA","Lynchburg",17097,18048,36363
"VA","Manassas",6256,10356,16968
"VA","Manassas",1979,3992,6087
"VA","Martinsville",2165,3766,6013
"VA","Newport",26377,53099,81203
"VA","Norfolk",23443,64440,89881
"VA","Norton",1109,464,1601
"VA","Petersburg",1584,12389,14118
"VA","Poquoson",5605,2054,7857
"VA","Portsmouth",12755,30948,44582
"VA","Radford",2786,3358,6320
"VA","Richmond",16603,92175,111159
"VA","Roanoke",15607,26773,43323
"VA","Salem",7683,5148,13051
"VA","Staunton",5695,6981,12990
"VA","Suffolk",20082,28676,49642
"VA","Virginia",105087,117393,227561
"VA","Waynesboro",5507,4961,10717
"VA","Williamsburg",1963,4790,6883
"VA","Winchester",5221,6610,12106
"WA","Adams",3907,1814,5862
"WA","Asotin",7319,4250,11951
"WA","Benton",60365,38706,103033
"WA","Chelan",22746,19349,43306
"WA","Clallam",23062,24721,49264
"WA","Clark",126303,140324,275403
"WA","Columbia",1754,668,2495
"WA","Cowlitz",34424,23938,60280
"WA","Douglas",12955,7811,21308
"WA","Ferry",2771,1486,4367
"WA","Franklin",18039,13340,32404
"WA","Garfield",1069,366,1489
"WA","Grant",24764,11819,37680
"WA","Grays",19877,17354,38441
"WA","Island",22746,29213,53925
"WA","Jefferson",6931,17204,24792
"WA","King",269167,907310,1210507
"WA","Kitsap",61563,90277,158672
"WA","Kittitas",14105,11421,26364
"WA","Klickitat",7237,5959,13560
"WA","Lewis",29391,14520,45309
"WA","Lincoln",5150,1713,7033
"WA","Mason",18710,17269,37303
"WA","Okanogan",11840,8900,21282
"WA","Pacific",6953,6794,14064
"WA","Pend",5728,2593,8553
"WA","Pierce",197730,249506,464081
"WA","San",3057,9725,13197
"WA","Skagit",32762,38252,73423
"WA","Skamania",3885,3192,7312
"WA","Snohomish",166428,256728,438796
"WA","Spokane",148576,135765,295430
"WA","Stevens",19808,7839,28430
"WA","Thurston",65277,96608,168134
"WA","Wahkiakum",1741,1165,2981
"WA","Walla",16400,13690,31261
"WA","Whatcom",50489,83660,138620
"WA","Whitman",9067,11184,21126
"WA","Yakima",50555,43179,96193
"WV","Barbour",5116,1457,6677
"WV","Berkeley",33279,17186,51535
"WV","Boone",6816,2041,9012
"WV","Braxton",4120,1457,5664
"WV","Brooke",7545,2947,10656
"WV","Cabell",21721,14994,37360
"WV","Calhoun",2364,568,2971
"WV","Clay",2679,641,3365
"WV","Doddridge",2619,435,3101
"WV","Fayette",11580,5063,16862
"WV","Gilmer",2012,599,2662
"WV","Grant",4871,607,5509
"WV","Greenbrier",10925,4655,15850
"WV","Hampshire",8033,1939,10086
"WV","Hancock",9806,3790,13800
"WV","Hardy",4859,1381,6331
"WV","Harrison",20683,9215,30465
"WV","Jackson",10093,3207,13508
"WV","Jefferson",15033,12127,27703
"WV","Kanawha",46398,34344,82244
"WV","Lewis",5782,1538,7457
"WV","Lincoln",6012,1711,7830
"WV","Logan",10534,2333,13026
"WV","McDowell",5148,1333,6527
"WV","Marion",16300,8901,25794
"WV","Marshall",10435,3455,14080
"WV","Mason",8491,2526,11203
"WV","Mercer",19237,5556,25134
"WV","Mineral",10040,2660,12872
"WV","Mingo",8544,1397,10022
"WV","Monongalia",20803,20282,42072
"WV","Monroe",5068,1345,6490
"WV","Morgan",6537,1998,8695
"WV","Nicholas",8279,2226,10630
"WV","Ohio",12354,7223,19898
"WV","Pendleton",2782,820,3659
"WV","Pleasants",2742,699,3491
"WV","Pocahontas",2895,1047,4008
"WV","Preston",11190,3163,14572
"WV","Putnam",20034,7878,28501
"WV","Raleigh",24673,7982,33106
"WV","Randolph",8673,3362,12200
"WV","Ritchie",3649,586,4283
"WV","Roane",4213,1455,5763
"WV","Summers",4074,1448,5585
"WV","Taylor",5477,1796,7383
"WV","Tucker",2841,938,3844
"WV","Tyler",3226,631,3922
"WV","Upshur",7771,2256,10221
"WV","Wayne",12585,4088,16947
"WV","Webster",2759,610,3402
"WV","Wetzel",4993,1539,6667
"WV","Wirt",2134,466,2653
"WV","Wood",27202,10926,38762
"WV","Wyoming",7353,1157,8592
"WI","Adams",7362,4329,11818
"WI","Ashland",3841,4801,8757
"WI","Barron",15803,9194,25346
"WI","Bayfield",4617,6147,10880
"WI","Brown",75871,65511,144017
"WI","Buffalo",4834,2860,7816
"WI","Burnett",6462,3569,10141
"WI","Calumet",18156,12116,30774
"WI","Chippewa",21317,13983,35938
"WI","Clark",10002,4524,14898
"WI","Columbia",16927,16410,33869
"WI","Crawford",4620,3953,8695
"WI","Dane",78800,260185,344791
"WI","Dodge",31355,16356,48436
"WI","Door",9752,10044,20117
"WI","Douglas",10923,13218,24677
"WI","Dunn",13173,9897,23524
"WI","Eau",25341,31620,58275
"WI","Florence",2133,781,2940
"WI","Fond",35754,20588,57251
"WI","Forest",3285,1721,5053
"WI","Grant",14142,10998,25608
"WI","Green",10169,10851,21406
"WI","Green",7168,3344,10671
"WI","Iowa",5909,7828,13992
"WI","Iron",2438,1533,4010
"WI","Jackson",5791,4256,10184
"WI","Jefferson",27208,19904,47979
"WI","Juneau",8749,4746,13709
"WI","Kenosha",44972,42193,88738
"WI","Kewaunee",7927,3976,12095
"WI","La",28684,37846,67884
"WI","Lafayette",4821,3647,8555
"WI","Langlade",7330,3704,11165
"WI","Lincoln",10017,6261,16497
"WI","Manitowoc",27218,16818,44829
"WI","Marathon",44624,30808,76751
"WI","Marinette",15304,7366,22979
"WI","Marquette",5719,3239,9065
"WI","Menominee",278,1303,1590
"WI","Milwaukee",134357,317270,458971
"WI","Monroe",13775,8433,22611
"WI","Oconto",16226,6715,23215
"WI","Oneida",13671,10105,24159
"WI","Outagamie",58385,47667,108022
"WI","Ozaukee",33912,26517,61486
"WI","Pepin",2584,1489,4144
"WI","Pierce",12815,9796,23317
"WI","Polk",16611,9370,26371
"WI","Portage",19299,20428,40603
"WI","Price",5394,3032,8546
"WI","Racine",54479,50159,106451
"WI","Richland",4871,3995,9014
"WI","Rock",37138,46658,85360
"WI","Rusk",5257,2517,7886
"WI","St.",32199,23190,56707
"WI","Sauk",17493,18108,36203
"WI","Sawyer",5909,4498,10510
"WI","Shawano",15173,7131,22615
"WI","Sheboygan",37609,27101,66011
"WI","Taylor",7657,2693,10686
"WI","Trempealeau",8833,6285,15380
"WI","Vernon",8218,7457,15923
"WI","Vilas",9261,5903,15369
"WI","Walworth",33851,22789,57600
"WI","Washburn",6334,3867,10378
"WI","Washington",60237,26650,88070
"WI","Waukesha",159649,103906,267996
"WI","Waupaca",18952,9703,29130
"WI","Waushara",9016,4388,13568
"WI","Winnebago",47796,44060,94032
"WI","Wood",24308,16365,41298
"WY","Albany",8579,9092,18617
"WY","Big",4806,788,5752
"WY","Campbell",16975,1935,19566
"WY","Carbon",5014,1427,6664
"WY","Converse",5917,861,6970
"WY","Crook",3651,378,4119
"WY","Fremont",12007,5519,18111
"WY","Goshen",4878,1203,6241
"WY","Hot",1999,482,2577
"WY","Johnson",3881,897,4914
"WY","Laramie",27891,15217,44982
"WY","Lincoln",8643,1509,10468
"WY","Natrona",25271,8530,35202
"WY","Niobrara",1118,155,1308
"WY","Park",12813,3410,16717
"WY","Platte",3898,890,4923
"WY","Sheridan",11843,4043,16428
"WY","Sublette",3957,882,4970
"WY","Sweetwater",12229,3823,16603
"WY","Teton",4341,9848,14677
"WY","Uinta",7496,1591,9402
"WY","Washakie",3245,651,4012
"WY","Weston",3107,360,3542
